Make,Model,ModelYear
GMC,Sierra,2014
CHEVROLET,Silverado,2010
CHEVROLET,Silverado,2020
TOYOTA,Tundra,2017
GMC,Sierra,2012
CHEVROLET,Silverado,2016
CHEVROLET,Colorado,2016
CHEVROLET,Corvette,2011
JEEP,Wrangler,2017
CHEVROLET,Silverado,2017
TOYOTA,Tacoma,2014
CHEVROLET,Camaro,2016
TOYOTA,Tundra,2014
FORD,Ranger,2019
NISSAN,Frontier,2018
FORD,F-150,2018
TOYOTA,Tacoma,2016
JEEP,Wrangler,2020
FORD,F-150,2020
RAM,1500,2017
MAZDA,MX-5,2020
FORD,Ranger,2020
CADILLAC,XT4,2019
JEEP,Renegade,2016
FORD,F-150,2016
GMC,Sierra,2015
RAM,1500,2018
GMC,Sierra,2013
RAM,1500,2019
FORD,Mustang,2018
CHEVROLET,Colorado,2017
TOYOTA,Tundra,2013
CHEVROLET,Silverado,2014
TOYOTA,Tacoma,2012
HONDA,Civic,2020
HONDA,Civic,2018
FORD,Expedition,2017
FORD,F-150,2013
FORD,F-150,2019
LEXUS,NX,2015
JAGUAR,E-PACE,2018
LEXUS,NX,2020
VOLVO,S60,2019
VOLVO,S60,2020
AUDI,Q5,2018
INFINITI,QX60,2015
LINCOLN,Continental,2017
ALFA-ROMEO,Stelvio,2018
ACURA,MDX,2013
AUDI,A6,2018
HYUNDAI,Sonata,2015
FORD,F-250,2019
JEEP,Wrangler,2019
JEEP,Wrangler,2018
GMC,Acadia,2018
LINCOLN,MKZ,2013
GMC,Acadia,2017
LINCOLN,MKZ,2017
LEXUS,NX,2016
VOLVO,S60,2018
INFINITI,QX60,2020
HYUNDAI,Sonata,2018
ACURA,MDX,2020
JEEP,Wrangler,2012
TOYOTA,Camry,2017
BMW,128i,2012
CHRYSLER,300,2018
NISSAN,Sentra,2013
GMC,Acadia,2020
LINCOLN,MKZ,2018
SMART,Fortwo,2013
JAGUAR,E-PACE,2020
VOLVO,S60,2015
LINCOLN,Continental,2018
INFINITI,QX60,2018
AUDI,Q5,2020
FORD,Mustang,2008
NISSAN,Titan,2017
NISSAN,Sentra,2007
CADILLAC,XT5,2018
NISSAN,Altima,2018
TOYOTA,Tacoma,2021
BUICK,Enclave,2015
BMW,535i,2016
BUICK,LaCrosse,2006
TOYOTA,Echo,2002
HYUNDAI,Elantra,2009
BMW,525i,1995
FORD,C-Max,2017
GMC,Canyon,2018
CHRYSLER,300,1999
INFINITI,G35,2003
MASERATI,Levante,2017
TOYOTA,Corolla,2020
KIA,Soul,2018
NISSAN,Kicks,2020
CHEVROLET,Corvette,2010
KIA,Sorento,2017
NISSAN,Pathfinder,2007
PORSCHE,Cayman,2008
CADILLAC,SRX,2004
MAZDA,MX-5,2007
TOYOTA,Camry,1996
BUICK,LeSabre,2000
CHEVROLET,Cobalt,2010
MERCEDES-BENZ,ML-Class,2014
NISSAN,Altima,2020
INFINITI,QX30,2019
NISSAN,Pathfinder,2018
SUBARU,Legacy,2017
DODGE,Ram,2011
GMC,Terrain,2015
CHEVROLET,Corvette,1991
CHEVROLET,Cavalier,2003
TOYOTA,Camry,2005
VOLVO,S60,2009
FORD,Mustang,2020
HONDA,Pilot,2017
BUICK,Regal,2018
HYUNDAI,Sonata,2017
BUICK,LeSabre,1997
KIA,Sportage,2013
TOYOTA,4-Runner,2012
BMW,330i,2020
MERCEDES-BENZ,C-Class,2008
DODGE,Durango,2003
KIA,Soul,2012
FORD,Taurus,2006
LEXUS,RX,2007
CHEVROLET,Tahoe,2021
AUDI,Q7,2017
CHEVROLET,Trax,2019
CHEVROLET,HHR,2010
MITSUBISHI,Eclipse,2007
HONDA,Accord,2006
NISSAN,370Z,2019
FORD,Escape,2013
FORD,Taurus,2007
TOYOTA,Camry,2013
BMW,X6,2012
NISSAN,Versa,2020
NISSAN,Frontier,2020
NISSAN,Murano,2019
TOYOTA,Venza,2009
DODGE,Challenger,2016
TOYOTA,4-Runner,2018
NISSAN,Frontier,2017
BUICK,Regal,2017
TOYOTA,Camry,2019
ACURA,MDX,2005
INFINITI,EX35,2008
NISSAN,Rogue,2014
JEEP,Liberty,2006
CHEVROLET,Tahoe,2007
CHEVROLET,Malibu,2018
VOLKSWAGEN,Jetta,2011
MERCEDES-BENZ,C-Class,2015
NISSAN,Murano,2020
INFINITI,Q50,2020
TOYOTA,Corolla,2021
MERCEDES-BENZ,S-Class,2017
TOYOTA,Corolla,2019
TOYOTA,Camry,2012
TOYOTA,Tundra,2016
TOYOTA,Camry,2007
ACURA,TSX,2006
NISSAN,Pathfinder,2017
LINCOLN,MKZ,2015
FORD,F-250,2008
CHEVROLET,Camaro,2015
CHEVROLET,Sonic,2014
TOYOTA,Camry,2018
LEXUS,RX,2011
FORD,F-150,2008
MAZDA,MX-5,2019
FORD,F-250,2017
CHRYSLER,200,2016
NISSAN,NV,2017
NISSAN,NV200,2015
FORD,Freestar,2005
CHEVROLET,Camaro,2017
CHEVROLET,Tahoe,2015
JAGUAR,XJ,2015
HYUNDAI,Accent,2010
FORD,Escape,2008
FIAT,500L,2014
BMW,Z4,2004
GMC,Sierra,2016
KIA,Rio,2008
JAGUAR,XF,2018
MAZDA,CX-5,2016
TOYOTA,Tacoma,2020
HYUNDAI,Elantra,2016
BUICK,Verano,2014
MERCEDES-BENZ,GLK-Class,2015
KIA,Optima,2015
CADILLAC,Escalade,2011
HYUNDAI,Sonata,2019
NISSAN,Altima,2019
LAND-ROVER,LR4,2013
HONDA,Accord,1997
NISSAN,Pathfinder,2020
JEEP,Cherokee,2001
MERCEDES-BENZ,C-Class,2017
GMC,Sierra,2017
NISSAN,Maxima,2020
GENESIS,G80,2017
FORD,Escape,2002
CHEVROLET,Malibu,2008
TOYOTA,Prius,2007
FORD,F-150,2017
AUDI,A4,2017
INFINITI,Q60,2019
HYUNDAI,Veloster,2017
HYUNDAI,Ioniq,2019
FORD,Fusion,2011
KIA,Sorento,2014
KIA,Optima,2016
FORD,Freestyle,2006
FORD,Mustang,2017
MERCEDES-BENZ,CLA-Class,2018
FORD,F-250,2016
HUMMER,H2,2008
HUMMER,H2,2003
CHEVROLET,Traverse,2014
JEEP,Gladiator,2020
NISSAN,Frontier,2019
LEXUS,IS,2011
FORD,Ranger,2011
FORD,Transit,2019
CHEVROLET,Express,2013
GMC,Savana,2019
FORD,Transit,2017
FORD,F-150,2001
CHEVROLET,Silverado,2012
MAZDA,Mazda3,2010
RAM,1500,2015
RAM,1500,2016
CHEVROLET,Express,2006
FORD,E-350,2008
FORD,F-250,2004
FORD,F-250,2015
FORD,F-250,2012
DODGE,Ram,2010
PORSCHE,Macan,2018
BMW,Z4,2011
DODGE,Challenger,2009
FORD,Fusion,2018
JEEP,Wrangler,2013
INFINITI,QX70,2017
MERCEDES-BENZ,ML-Class,2015
LEXUS,GX,2018
JEEP,Wrangler,2007
TOYOTA,Tacoma,2017
LINCOLN,MKC,2015
MITSUBISHI,Lancer,2003
FORD,Edge,2008
NISSAN,Altima,2015
FORD,F-150,1994
FORD,Focus,2005
CHEVROLET,Corvette,1995
INFINITI,QX50,2017
HONDA,Accord,2004
INFINITI,Q70,2017
BUICK,Encore,2016
TOYOTA,Corolla,2006
LEXUS,LS,2013
MITSUBISHI,Outlander,2018
MERCEDES-BENZ,E-Class,2018
CADILLAC,XT5,2017
LEXUS,RX,2017
LEXUS,IS,2014
FORD,Taurus,2005
ACURA,MDX,2014
HYUNDAI,Elantra,2018
CHEVROLET,Silverado,2013
ACURA,MDX,2019
TOYOTA,Camry,2020
CHRYSLER,300,2019
JEEP,Cherokee,2016
ACURA,MDX,2018
TOYOTA,4-Runner,2014
FORD,E-250,2010
HONDA,CR-V,2013
MAZDA,CX-9,2008
JAGUAR,XJR,2004
KIA,Soul,2015
ACURA,RDX,2019
TOYOTA,Camry,2000
MAZDA,CX-5,2019
HONDA,CR-V,2016
NISSAN,Titan,2011
LEXUS,ES,2008
BMW,535i,2015
JAGUAR,XF,2017
LINCOLN,MKX,2018
MITSUBISHI,Outlander,2016
TOYOTA,Highlander,2013
LEXUS,NX,2018
DODGE,Challenger,2011
CHEVROLET,Corvette,2014
VOLVO,S60,2016
NISSAN,Rogue,2020
FORD,Explorer,2017
CHEVROLET,Silverado,2011
GMC,Acadia,2019
SUBARU,Crosstrek,2019
BMW,340i,2016
TOYOTA,Tacoma,2019
MERCEDES-BENZ,C-Class,2014
JEEP,Wrangler,2000
INFINITI,QX56,2013
CHEVROLET,Corvette,1999
CHEVROLET,Corvette,2015
CHEVROLET,Corvette,2017
DODGE,Caliber,2011
TOYOTA,Camry,2015
MERCEDES-BENZ,GLK-Class,2013
MERCEDES-BENZ,E-Class,2017
TOYOTA,4-Runner,2011
CADILLAC,SRX,2010
CHEVROLET,Camaro,2011
BMW,535i,2012
GMC,Yukon,2020
CHEVROLET,Tahoe,2002
LINCOLN,Navigator,2014
CHEVROLET,Tahoe,2008
CHEVROLET,Silverado,2015
RAM,2500,2017
LEXUS,ES,2009
CHEVROLET,Equinox,2013
NISSAN,Maxima,2018
FORD,F-350,2001
BUICK,LaCrosse,2005
LEXUS,RX,2013
GMC,Terrain,2013
BUICK,LeSabre,1999
DODGE,Ram,2008
VOLVO,S80,2002
CHEVROLET,SSR,2004
NISSAN,Rogue,2008
ACURA,MDX,2017
AUDI,S3,2015
HONDA,Accord,2017
TOYOTA,Prius,2013
FORD,Mustang,2012
KIA,Sedona,2007
HONDA,Odyssey,2005
HONDA,Civic,2008
HONDA,Accord,2008
TOYOTA,Corolla,2013
FORD,F-150,2015
VOLKSWAGEN,Jetta,2007
CHRYSLER,Pacifica,2017
LEXUS,RX,2003
ACURA,RDX,2016
NISSAN,Versa,2018
MERCEDES-BENZ,SL-Class,2003
KIA,Soul,2019
FORD,Mustang,2016
FORD,Taurus,2001
BMW,530e,2019
HONDA,Accord,2015
INFINITI,Q60,2020
BUICK,LeSabre,2002
FORD,Edge,2016
CHEVROLET,Tahoe,2016
KIA,Soul,2016
CHEVROLET,Trailblazer,2006
CHEVROLET,Impala,2008
ACURA,TLX,2018
KIA,Sportage,2018
RAM,1500,2013
TOYOTA,Corolla,2009
HONDA,Civic,2001
KIA,Soul,2011
TOYOTA,Yaris,2007
MERCEDES-BENZ,C-Class,2005
VOLKSWAGEN,Jetta,2013
DODGE,Challenger,2017
TOYOTA,4-Runner,2019
CHEVROLET,Tahoe,2017
FORD,Focus,2018
INFINITI,QX80,2016
TOYOTA,Yaris,2014
NISSAN,Armada,2020
CHEVROLET,Suburban,2015
HYUNDAI,Sonata,2004
DODGE,Charger,2016
RAM,1500,2020
HYUNDAI,Sonata,2008
CHRYSLER,300,2002
TOYOTA,Tundra,2021
BMW,330i,2018
HONDA,Accord,2002
MERCEDES-BENZ,C-Class,2020
HONDA,CR-V,2014
HONDA,Accord,2000
SUBARU,Crosstrek,2018
KIA,Optima,2006
HONDA,Accord,1991
CHEVROLET,Corvette,2016
ACURA,TL,2001
LINCOLN,Corsair,2020
FORD,Explorer,2014
CADILLAC,Escalade,2005
FORD,Transit,2020
GENESIS,G70,2020
FORD,Explorer,2015
NISSAN,Pathfinder,2014
LEXUS,LS,2005
TOYOTA,4-Runner,2004
CHEVROLET,Silverado,2019
HYUNDAI,Elantra,2015
NISSAN,Pathfinder,2015
LEXUS,ES,2015
JEEP,Renegade,2015
NISSAN,Armada,2017
ACURA,MDX,2010
KIA,Rio,2009
AUDI,S7,2016
INFINITI,Q70,2019
LEXUS,LS,2014
INFINITI,QX50,2020
LEXUS,RC,2017
LEXUS,CT,2012
CADILLAC,XT5,2020
NISSAN,Murano,2011
CHEVROLET,Colorado,2009
FORD,Explorer,2003
BUICK,Lucerne,2007
LEXUS,ES,2018
FORD,F-250,2013
NISSAN,Altima,2016
JEEP,Wrangler,2008
CHEVROLET,Malibu,2014
HYUNDAI,Sonata,2020
KIA,Soul,2020
ACURA,RDX,2020
MERCEDES-BENZ,Metris,2018
CHEVROLET,Cobalt,2006
MERCEDES-BENZ,E-Class,2020
SUBARU,Outback,2017
FORD,F-150,2010
BENTLEY,Continental,2006
FORD,Edge,2020
DODGE,Journey,2016
GMC,Sierra,2018
JEEP,Wrangler,2016
ACURA,ILX,2019
DODGE,Challenger,2019
MINI,Countryman,2012
MINI,Hardtop,2012
FORD,Expedition,2020
VOLKSWAGEN,Beetle,2009
FORD,Mustang,2019
MASERATI,Spyder,2002
MERCEDES-BENZ,GLK-Class,2011
ACURA,ILX,2014
ACURA,ILX,2013
KIA,Soul,2014
VOLVO,S60,2014
TOYOTA,Tacoma,2013
FORD,Escape,2020
MITSUBISHI,Outlander,2012
FORD,Explorer,2020
KIA,Soul,2017
GMC,Sierra,2020
VOLVO,S60,2013
DODGE,Challenger,2020
HONDA,Accord,2020
TOYOTA,4-Runner,2020
TOYOTA,Highlander,2019
MITSUBISHI,Outlander,2020
AUDI,A5,2009
TOYOTA,Tacoma,2015
HONDA,Accord,1998
JEEP,Wrangler,2010
JEEP,Wrangler,1999
HONDA,Odyssey,2012
MAZDA,MX-5,2016
ACURA,RDX,2018
BMW,X3,2018
LEXUS,RX,2018
JEEP,Wrangler,2014
JEEP,Wrangler,2015
GENESIS,G70,2019
RAM,1500,2014
HYUNDAI,Sonata,2016
BMW,X3,2020
INFINITI,QX60,2017
BUICK,Enclave,2020
ALFA-ROMEO,Stelvio,2019
BMW,X3,2017
KIA,Soul,2010
LINCOLN,Continental,2020
BMW,330i,2017
MITSUBISHI,Outlander,2019
ACURA,ILX,2017
BMW,335i,2013
BMW,340i,2018
CADILLAC,XT4,2020
AUDI,Q8,2019
BMW,530i,2020
JAGUAR,E-PACE,2019
MERCEDES-BENZ,CL-Class,2011
BMW,535d,2014
CADILLAC,CTS,2012
FORD,Flex,2016
MAZDA,MX-5,2013
SUBARU,Forester,2007
HUMMER,H2,2006
HONDA,Civic,2012
AUDI,Q5,2011
FORD,F-150,2012
TOYOTA,Tacoma,2007
ACURA,RDX,2014
CADILLAC,CTS,2017
KIA,Forte,2017
TOYOTA,Sienna,2016
BMW,328i,2016
NISSAN,Rogue,2015
TOYOTA,Sienna,2013
CADILLAC,ATS,2017
FORD,F-350,2013
CADILLAC,Escalade,2019
NISSAN,Titan,2013
TOYOTA,Corolla,2014
KIA,Forte,2012
AUDI,A4,2008
LEXUS,LS,2007
TOYOTA,Tacoma,2002
NISSAN,Altima,2014
JEEP,Wrangler,2005
JEEP,Wrangler,2004
TOYOTA,RAV4,2008
NISSAN,370Z,2015
FORD,F-150,2009
FORD,Flex,2014
FORD,Mustang,2014
VOLKSWAGEN,Passat,2015
LEXUS,LS,2008
CHEVROLET,Traverse,2015
KIA,Optima,2013
INFINITI,M37,2011
FORD,Focus,2014
FORD,Edge,2011
CHRYSLER,200,2015
ACURA,TSX,2012
CHEVROLET,Camaro,2019
VOLKSWAGEN,Tiguan,2018
CADILLAC,XLR,2008
NISSAN,Rogue,2018
TOYOTA,Sienna,2015
KIA,Sorento,2018
MAZDA,Mazda3,2017
KIA,Sedona,2017
HONDA,Accord,2010
VOLKSWAGEN,Beetle,2015
TOYOTA,Highlander,2018
SUBARU,Impreza,2018
TOYOTA,Corolla,2018
CHEVROLET,Trax,2018
FORD,Explorer,2018
NISSAN,Murano,2013
RAM,2500,2016
CHEVROLET,Camaro,2010
CADILLAC,CTS,2013
LEXUS,IS,2018
GMC,Acadia,2014
SUBARU,Crosstrek,2016
AUDI,A4,2018
VOLKSWAGEN,Passat,2013
FORD,Expedition,2007
HONDA,CR-V,2015
CHEVROLET,Express,2014
NISSAN,Rogue,2016
SUBARU,Legacy,2014
FORD,Taurus,2010
HYUNDAI,Tucson,2006
DODGE,Ram,2012
BUICK,Encore,2014
CHEVROLET,SS,2017
ACURA,TLX,2015
BMW,Z4,2008
VOLVO,S90,2018
HONDA,Accord,2011
GMC,Sierra,2021
VOLKSWAGEN,Jetta,2019
NISSAN,Titan,2009
CHEVROLET,Avalanche,2004
AUDI,Q7,2012
LAND-ROVER,LR4,2012
VOLKSWAGEN,CC,2012
NISSAN,Murano,2016
BUICK,Enclave,2009
CHEVROLET,Impala,2016
TOYOTA,Sienna,2011
NISSAN,Altima,2008
TOYOTA,Highlander,2007
NISSAN,Maxima,2009
NISSAN,Frontier,2013
FORD,Freestar,2004
BMW,650i,2013
AUDI,Q5,2015
TOYOTA,RAV4,2014
TOYOTA,Tacoma,2011
CHEVROLET,Avalanche,2007
PONTIAC,Vibe,2010
FORD,F-350,2019
JAGUAR,F-PACE,2017
BMW,X1,2014
DODGE,Challenger,2013
MERCEDES-BENZ,CLS-Class,2012
NISSAN,Murano,2018
TOYOTA,Highlander,2012
TOYOTA,Camry,2011
VOLKSWAGEN,Passat,2010
AUDI,Q7,2015
CHEVROLET,Silverado,2018
TOYOTA,Prius,2015
KIA,Rio,2013
INFINITI,Q50,2018
CHEVROLET,Equinox,2014
LEXUS,LS,2016
TOYOTA,Corolla,2010
FORD,Taurus,2014
FORD,Mustang,2013
DODGE,Magnum,2006
DODGE,Challenger,2018
CHEVROLET,Impala,2006
DODGE,Challenger,2014
JEEP,Cherokee,2015
CHEVROLET,Avalanche,2012
NISSAN,Rogue,2011
TOYOTA,Sienna,2009
TOYOTA,Camry,2009
HONDA,Civic,2007
TOYOTA,RAV4,2018
INFINITI,Q60,2017
MERCEDES-BENZ,M-Class,2010
CHEVROLET,Malibu,2021
RAM,2500,2014
BUICK,Encore,2015
NISSAN,Juke,2013
JEEP,Wrangler,2011
VOLKSWAGEN,Jetta,2014
TOYOTA,4-Runner,2017
FORD,F-250,2020
CADILLAC,Escalade,2015
HONDA,CR-V,2012
FORD,Mustang,2010
HONDA,Pilot,2006
VOLVO,XC90,2008
FORD,Fusion,2007
NISSAN,Altima,2011
FORD,Fusion,2012
MERCEDES-BENZ,C-Class,2009
GMC,Yukon,2016
TOYOTA,Corolla,2017
AUDI,Q5,2012
CADILLAC,DTS,2007
DODGE,Ram,2004
GMC,Sierra,2007
HONDA,Civic,2009
GMC,Terrain,2016
BUICK,Enclave,2012
HONDA,CR-V,2011
JEEP,Commander,2008
BMW,X5,2017
FORD,Fusion,2015
FORD,Escape,2014
CHEVROLET,Avalanche,2005
DODGE,Challenger,2012
DODGE,Challenger,2015
FORD,Explorer,1996
INFINITI,Q60,2018
LAND-ROVER,LR4,2016
SUBARU,Legacy,2013
LEXUS,ES,2017
TOYOTA,Avalon,2013
TOYOTA,4-Runner,2010
TOYOTA,RAV4,2007
TOYOTA,Tundra,2011
TOYOTA,Tundra,2006
DODGE,Charger,2019
CHRYSLER,200,2013
HYUNDAI,Sonata,2006
HYUNDAI,Sonata,2007
FORD,Expedition,2008
KIA,Sorento,2016
CHRYSLER,Voyager,2020
CHEVROLET,Silverado,2002
NISSAN,Altima,2007
LEXUS,CT,2014
MERCEDES-BENZ,C-Class,2018
NISSAN,Rogue,2019
FORD,Escape,2005
TOYOTA,Camry,2016
HONDA,Civic,2016
AUDI,A6,2017
VOLKSWAGEN,Tiguan,2019
NISSAN,Armada,2019
DODGE,Journey,2017
LINCOLN,MKZ,2014
HYUNDAI,Sonata,2013
SUBARU,Impreza,2012
NISSAN,370Z,2014
HONDA,Civic,2013
ACURA,TL,2007
KIA,Forte,2016
CHEVROLET,Silverado,2005
LEXUS,CT,2011
CADILLAC,DTS,2011
SUBARU,Forester,2009
TOYOTA,Prius,2005
NISSAN,Frontier,2012
BMW,X6,2018
LINCOLN,MKZ,2019
AUDI,A5,2019
CADILLAC,CTS,2011
CHEVROLET,Tahoe,2004
NISSAN,Versa,2019
FORD,Edge,2019
CHEVROLET,Equinox,2019
VOLKSWAGEN,Jetta,2016
TOYOTA,Corolla,2016
MERCEDES-BENZ,GLA-Class,2015
BMW,440i,2017
LEXUS,RX,2019
CADILLAC,SRX,2012
FORD,E-150,2013
GMC,Savana,2015
BMW,340i,2017
CHEVROLET,Tahoe,2012
CADILLAC,Escalade,2004
VOLVO,XC90,2010
CHEVROLET,Express,2016
BMW,528i,2008
TOYOTA,4-Runner,2007
CHEVROLET,Express,2015
NISSAN,NV,2016
HONDA,Odyssey,2010
FORD,Fusion,2017
HONDA,CR-V,2004
INFINITI,G37,2009
MERCEDES-BENZ,SLK-Class,2005
HONDA,Pilot,2005
HYUNDAI,Elantra,2017
FORD,Focus,2017
HONDA,Civic,2011
HONDA,Odyssey,2014
LAND-ROVER,LR4,2011
SMART,Fortwo,2015
NISSAN,Xterra,2010
TOYOTA,Tacoma,2005
HONDA,Accord,2013
HONDA,Accord,2014
LEXUS,GS,2010
FORD,Mustang,1998
LEXUS,LS,2002
FORD,F-250,2010
BMW,328i,2013
CADILLAC,ATS,2013
VOLKSWAGEN,Passat,2012
FORD,F-150,2011
TOYOTA,Camry,2014
MERCEDES-BENZ,C-Class,2004
MERCEDES-BENZ,ML-Class,2012
BUICK,Enclave,2017
TOYOTA,Tacoma,2010
TOYOTA,Highlander,2009
TOYOTA,Camry,2008
KIA,Optima,2012
CHEVROLET,Silverado,2001
CHEVROLET,Silverado,2004
TOYOTA,4-Runner,2005
NISSAN,Pathfinder,2000
TOYOTA,Sienna,2008
MAZDA,Mazda3,2006
CHEVROLET,Suburban,2013
MAZDA,CX-5,2015
LEXUS,IS,2009
CHEVROLET,Avalanche,2009
CHEVROLET,Silverado,2008
HONDA,Odyssey,2011
JAGUAR,S-Type,2007
CHEVROLET,Silverado,2009
CHEVROLET,Cobalt,2005
MERCURY,Mariner,2009
HONDA,Accord,2009
CHEVROLET,Tahoe,2009
CHEVROLET,Cruze,2013
FORD,Edge,2015
FORD,Explorer,2005
NISSAN,Altima,2004
FORD,Mustang,2015
FORD,C-Max,2018
SUBARU,WRX,2016
FORD,F-150,2014
CHRYSLER,Pacifica,2018
GMC,Canyon,2015
SUBARU,Impreza,2013
GMC,Yukon,2014
DODGE,Charger,2018
CADILLAC,CTS,2010
LEXUS,ES,2012
MERCEDES-BENZ,M-Class,2011
TOYOTA,Tundra,2019
CHEVROLET,Colorado,2018
CHEVROLET,Cruze,2018
OLDSMOBILE,Intrigue,2001
DODGE,Durango,2011
NISSAN,Frontier,2016
VOLKSWAGEN,Golf,2015
VOLKSWAGEN,Touareg,2012
TOYOTA,Camry,2002
GMC,Sierra,2011
BMW,X5,2018
SAAB,9-3,2003
LEXUS,GS,2013
MERCEDES-BENZ,E-Class,2015
TOYOTA,Tundra,2018
VOLKSWAGEN,Eos,2015
TOYOTA,Highlander,2008
VOLVO,V70,2006
FORD,Escape,2012
TOYOTA,Tundra,2015
JEEP,Renegade,2019
VOLKSWAGEN,Eos,2013
BMW,X5,2011
MASERATI,Granturismo,2017
MERCEDES-BENZ,S-Class,2015
CHEVROLET,Camaro,2018
INFINITI,QX56,2012
AUDI,A6,2020
BMW,M850i,2020
HONDA,Accord,2005
ACURA,ILX,2018
JAGUAR,XJ,2006
MERCEDES-BENZ,G-Class,2002
HYUNDAI,Kona,2019
HONDA,Fit,2016
CHEVROLET,Silverado,2007
GMC,Sierra,2001
CHEVROLET,Avalanche,2002
CHEVROLET,Traverse,2011
DODGE,Charger,2015
TOYOTA,RAV4,2011
INFINITI,FX35,2008
TOYOTA,Prius,2017
DODGE,Journey,2015
CHEVROLET,Equinox,2011
TOYOTA,RAV4,2006
FORD,F-250,2014
CHEVROLET,Traverse,2019
FORD,Fiesta,2011
HYUNDAI,Tucson,2016
SUBARU,Outback,2014
FORD,F-350,2016
VOLKSWAGEN,EuroVan,1997
BMW,328i,2015
KIA,Sportage,2020
NISSAN,Titan,2014
TOYOTA,Highlander,2016
PORSCHE,Panamera,2017
NISSAN,Armada,2012
MAZDA,Mazda6,2018
BMW,X1,2017
DODGE,Durango,2014
FORD,Taurus,2015
BMW,X5,2016
AUDI,Q5,2017
JEEP,Renegade,2017
SUBARU,WRX,2020
CHEVROLET,GMT-400,1991
AUDI,TT,2001
MINI,Paceman,2014
CADILLAC,ATS,2014
FORD,Escape,2010
JAGUAR,XK8,1998
CHEVROLET,Avalanche,2008
MINI,Cooper,2006
FORD,Edge,2013
VOLKSWAGEN,Jetta,2015
CHRYSLER,300,2014
LEXUS,NX,2019
FORD,Escape,2015
CHEVROLET,Impala,2019
DODGE,Ram,2007
PONTIAC,Firebird,1998
PORSCHE,Cayenne,2015
CHEVROLET,Malibu,2016
CHEVROLET,Impala,2015
JEEP,Compass,2018
KIA,Optima,2019
KIA,Rio,2017
NISSAN,Quest,2017
NISSAN,Frontier,2010
TOYOTA,4-Runner,2016
FORD,Taurus,2013
HUMMER,H3,2007
LEXUS,GS,2006
CHEVROLET,Impala,2012
FORD,Bronco,1995
DODGE,Dakota,2005
TOYOTA,Venza,2010
FORD,F-150,2000
JEEP,Patriot,2016
BMW,428i,2015
SUBARU,Outback,2019
BMW,X5,2013
AUDI,A4,2016
DODGE,Journey,2019
KIA,Spectra,2005
JEEP,Compass,2019
RAM,2500,2015
TOYOTA,4-Runner,2003
VOLVO,XC90,2016
CHEVROLET,Equinox,2015
JEEP,Patriot,2014
FORD,Ranger,2004
VOLKSWAGEN,Beetle,2005
DODGE,Ram,2009
NISSAN,Titan,2012
TOYOTA,Tundra,2008
FORD,C-Max,2016
FORD,Thunderbird,2004
DODGE,Avenger,2011
SUBARU,Crosstrek,2020
KIA,Optima,2014
CHRYSLER,200,2014
PONTIAC,GTO,2006
GMC,Sierra,2006
CADILLAC,Escalade,2007
TOYOTA,Tundra,2007
INFINITI,M56,2011
CHEVROLET,Avalanche,2010
SUBARU,WRX,2015
CADILLAC,Escalade,2008
CHEVROLET,Corvette,2005
CHRYSLER,Pacifica,2005
JEEP,Renegade,2020
CHEVROLET,Equinox,2017
BMW,X2,2018
DODGE,Dart,2016
VOLVO,XC60,2014
SUBARU,Impreza,2019
SUBARU,Forester,2019
SATURN,Vue,2005
NISSAN,Sentra,2018
NISSAN,Rogue,2017
TOYOTA,RAV4,2017
CHEVROLET,Malibu,2017
GMC,Sierra,2008
BMW,430i,2018
JEEP,Renegade,2018
NISSAN,Sentra,2017
HUMMER,H2,2005
VOLKSWAGEN,Touareg,2004
JEEP,Cherokee,2020
VOLVO,XC60,2015
CHEVROLET,Trax,2020
FORD,Fiesta,2018
BMW,X1,2018
MINI,Countryman,2014
HYUNDAI,Veloster,2015
HYUNDAI,Tucson,2019
BMW,430i,2017
MAZDA,Mazda6,2017
MINI,Countryman,2019
CHEVROLET,Malibu,2020
CHEVROLET,Spark,2020
FORD,Expedition,2012
JEEP,Cherokee,2018
FORD,Explorer,2019
KIA,Sportage,2019
BMW,320i,2017
DODGE,Durango,2019
VOLVO,XC60,2021
BUICK,Encore,2019
KIA,Forte,2018
FORD,F-250,2002
BMW,X3,2019
HONDA,CR-V,2008
VOLKSWAGEN,Jetta,2017
MINI,Countryman,2015
KIA,Rio,2018
GMC,Terrain,2019
GMC,Yukon,2011
CHEVROLET,Sonic,2017
FORD,Fusion,2019
FORD,F-350,2012
FORD,Fusion,2020
FIAT,500,2018
KIA,Niro,2017
NISSAN,Pathfinder,2019
AUDI,Q3,2018
BUICK,Enclave,2016
RAM,2500,2018
CHRYSLER,Pacifica,2019
CHEVROLET,Colorado,2019
NISSAN,Rogue,2013
TOYOTA,RAV4,2012
CHEVROLET,Equinox,2020
FIAT,500X,2016
HYUNDAI,Elantra,2011
SUBARU,Impreza,2021
ACURA,TLX,2021
HONDA,Odyssey,2016
CHEVROLET,Cruze,2019
LEXUS,IS,2016
BUICK,LaCrosse,2017
MAZDA,CX-9,2020
AUDI,S8,2017
BMW,320i,2014
KIA,Niro,2019
SUBARU,Impreza,2016
FORD,Fusion,2014
DODGE,Dakota,2007
JEEP,Cherokee,2021
DODGE,Ram,2005
SUBARU,Outback,2018
FORD,Ecosport,2018
HONDA,CR-V,2007
CHEVROLET,Cruze,2014
CHEVROLET,Spark,2014
BMW,328i,2012
DODGE,Durango,2013
AUDI,A7,2016
ACURA,NSX,2003
HONDA,HR-V,2019
HONDA,Accord,2019
FORD,F-450,2017
JAGUAR,XE,2018
HONDA,Odyssey,2018
KIA,Optima,2020
CHEVROLET,Cruze,2011
GMC,Yukon,2017
BMW,X3,2013
HONDA,Odyssey,2013
FORD,Flex,2012
HONDA,Fit,2019
SUBARU,WRX,2019
CHRYSLER,300,2016
AUDI,A5,2018
CHEVROLET,Camaro,2014
SUBARU,WRX,2017
FORD,Explorer,2012
JEEP,Compass,2014
MERCEDES-BENZ,GLK-Class,2014
CHRYSLER,300,2017
MAZDA,Mazda6,2016
KIA,Optima,2018
BMW,X4,2016
FORD,Escape,2019
CHEVROLET,Traverse,2018
HYUNDAI,Tucson,2017
HONDA,CR-V,2019
SUBARU,Forester,2021
HONDA,CR-V,2018
LEXUS,RC,2016
MERCEDES-BENZ,GLA-Class,2017
FORD,Expedition,2015
RAM,2500,2013
CHEVROLET,Malibu,2012
VOLKSWAGEN,EuroVan,2003
FORD,F-250,2001
FORD,Explorer,2016
NISSAN,Sentra,2019
PORSCHE,Macan,2016
MINI,Clubman,2017
LEXUS,NX,2017
JEEP,Patriot,2015
MAZDA,CX-5,2017
INFINITI,FX45,2003
RAM,3500,2014
MAZDA,Mazda3,2013
HYUNDAI,Elantra,2014
MERCEDES-BENZ,GL-Class,2009
DODGE,Avenger,2012
DODGE,Dart,2015
CHEVROLET,Malibu,2019
CHRYSLER,Pacifica,2020
BMW,X6,2011
KIA,Sorento,2019
BMW,530i,2017
BUICK,LaCrosse,2019
BMW,528i,2014
ACURA,MDX,2015
RAM,3500,2018
FORD,F-350,2004
FORD,F-250,2006
RAM,3500,2015
FORD,F-350,2015
FORD,F-350,2011
FORD,F-250,2011
BMW,528xi,2013
FORD,F-350,2017
CHEVROLET,Colorado,2015
MAZDA,Mazda3,2018
CHEVROLET,Cruze,2016
VOLKSWAGEN,Passat,2014
HONDA,Pilot,2018
CHEVROLET,Cruze,2017
JEEP,Compass,2021
FORD,Fiesta,2019
FORD,Focus,2015
BUICK,Encore,2020
FORD,F-150,2005
BMW,320i,2015
LEXUS,LS,1996
FORD,F-350,2018
VOLKSWAGEN,CC,2015
AUDI,SQ5,2019
KIA,Optima,2017
AUDI,Q7,2019
MAZDA,Mazda6,2019
MERCEDES-BENZ,C-Class,2016
ACURA,RDX,2017
FORD,Focus,2009
CHEVROLET,HHR,2008
BMW,X3,2009
MINI,Hardtop,2018
CHEVROLET,Cruze,2015
FORD,Taurus,2019
CHEVROLET,Volt,2012
CADILLAC,XTS,2014
HONDA,Accord,2018
BMW,X4,2017
LINCOLN,Aviator,2020
SUBARU,Legacy,2020
BMW,740Li,2013
GMC,Sierra,2009
SUBARU,Impreza,2011
SUZUKI,SX4,2010
SUBARU,Outback,2020
JAGUAR,XE,2017
KIA,Soul,2013
BMW,550i,2008
HONDA,HR-V,2020
VOLVO,XC60,2019
CHEVROLET,Cruze,2012
MERCEDES-BENZ,E-Class,2011
DODGE,Challenger,2010
FORD,Ranger,2003
HYUNDAI,Veloster,2013
CHEVROLET,Express,2010
MERCEDES-BENZ,CLA-Class,2015
HONDA,CR-V,2017
LINCOLN,Nautilus,2019
HONDA,Civic,2017
FORD,Focus,2013
TOYOTA,Sienna,2018
CADILLAC,CT6,2019
SUBARU,Legacy,2005
HYUNDAI,Tucson,2020
TOYOTA,4-Runner,2015
NISSAN,Frontier,2015
SUBARU,Outback,2013
BMW,X3,2012
HYUNDAI,Elantra,2013
NISSAN,Quest,2008
VOLKSWAGEN,Passat,2018
NISSAN,Maxima,2019
FORD,Edge,2018
MINI,Countryman,2016
DODGE,Durango,2020
MAZDA,MX-5,2014
HONDA,Fit,2018
VOLVO,XC60,2013
GMC,Acadia,2015
TOYOTA,Prius,2010
HONDA,CR-V,2020
KIA,Forte,2019
SUBARU,Legacy,2004
JAGUAR,F-PACE,2018
TOYOTA,Prius,2018
CHEVROLET,Traverse,2013
CHEVROLET,Express,2004
INFINITI,QX80,2019
NISSAN,Titan,2019
DODGE,Charger,2017
SUBARU,Crosstrek,2017
SUBARU,Impreza,2017
AUDI,Q3,2017
NISSAN,Sentra,2016
SUBARU,Legacy,2015
HYUNDAI,Tucson,2018
FORD,Escape,2017
TOYOTA,Tacoma,2018
LEXUS,IS,2020
JEEP,Patriot,2017
LEXUS,RX,2020
CHEVROLET,Suburban,2005
CHEVROLET,Trax,2017
FORD,Transit,2016
KIA,Sportage,2016
TOYOTA,Avalon,2012
FORD,Expedition,2013
LEXUS,LX,2013
HONDA,Ridgeline,2019
CHEVROLET,Sonic,2013
MINI,Countryman,2017
CADILLAC,CTS,2009
DODGE,Caliber,2007
RAM,2500,2019
VOLKSWAGEN,GTI,2010
CADILLAC,CTS,2014
JEEP,Cherokee,2017
BMW,X1,2016
ISUZU,Trooper,1993
DODGE,Charger,2012
TOYOTA,Prius,2016
PORSCHE,Cayenne,2016
TOYOTA,Corolla,2015
SUBARU,Outback,2010
MERCEDES-BENZ,B-Class,2016
KIA,Rio,2016
FORD,Taurus,2016
AUDI,A3,2016
FIAT,500,2017
FORD,C-Max,2014
NISSAN,Xterra,2015
MERCEDES-BENZ,E-Class,2013
TOYOTA,Yaris,2012
KIA,Rio,2015
JEEP,Wrangler,2006
DODGE,Charger,2020
MITSUBISHI,Mirage,2018
MERCEDES-BENZ,GLA-Class,2020
NISSAN,Titan,2010
SUBARU,Legacy,2012
FORD,Focus,2016
CHEVROLET,Tahoe,2013
SUBARU,Forester,2020
AUDI,Q7,2007
JEEP,Patriot,2012
BMW,320i,2018
RAM,2500,2020
CHEVROLET,Equinox,2006
CHEVROLET,Express,2008
CADILLAC,CT6,2017
MAZDA,CX-5,2020
HONDA,Odyssey,2009
MAZDA,Mazda3,2016
FORD,E-350,2013
SUBARU,Impreza,2010
FIAT,500L,2015
KIA,Forte,2020
KIA,Sorento,2015
JEEP,Compass,2015
GMC,Acadia,2012
FORD,Expedition,2011
MERCEDES-BENZ,E-Class,2014
CHEVROLET,Tahoe,2019
NISSAN,Maxima,2014
CHEVROLET,Trailblazer,2021
JEEP,Cherokee,2019
TOYOTA,Previa,1993
SUBARU,Impreza,2007
HONDA,Odyssey,2015
HYUNDAI,Veloster,2012
INFINITI,QX60,2019
GMC,Acadia,2021
BUICK,Envision,2017
HONDA,HR-V,2018
TOYOTA,RAV4,2013
TOYOTA,RAV4,2019
FORD,F-350,2007
DODGE,Charger,2014
MERCEDES-BENZ,CLK-Class,2005
NISSAN,GT-R,2016
NISSAN,Murano,2017
SUBARU,Legacy,2018
GMC,Savana,2010
CHEVROLET,Avalanche,2006
CHEVROLET,Colorado,2021
NISSAN,Maxima,2017
FORD,Flex,2017
BUICK,Envision,2020
CHEVROLET,Equinox,2018
TOYOTA,Sienna,2017
TOYOTA,RAV4,2016
GMC,Sierra,1989
FORD,Fiesta,2016
ACURA,TL,1996
NISSAN,Leaf,2019
HONDA,Odyssey,2007
VOLKSWAGEN,Atlas,2019
BMW,135i,2013
CHEVROLET,Equinox,2021
CHEVROLET,Trax,2021
FORD,Excursion,2000
MERCEDES-BENZ,SL-Class,2012
TOYOTA,Highlander,2006
HONDA,Fit,2020
VOLKSWAGEN,Golf,2020
CADILLAC,XT5,2019
VOLKSWAGEN,GTI,2013
JEEP,Wrangler,1997
TOYOTA,Tundra,2005
TOYOTA,Tundra,2010
CHEVROLET,Tahoe,2011
CADILLAC,CTS,2016
BUICK,Roadmaster,1993
CHEVROLET,Blazer,2020
CHEVROLET,Tahoe,2020
CHEVROLET,Suburban,2020
AUDI,A8,2013
TOYOTA,Sequoia,2018
TOYOTA,Prius,2009
BMW,530xi,2007
JEEP,Wrangler,2021
TOYOTA,Tundra,2020
AUDI,A4,2004
FORD,F-450,2011
DODGE,Dakota,2006
GMC,Canyon,2017
LEXUS,GX,2006
LEXUS,GX,2008
TOYOTA,Sequoia,2012
CHEVROLET,Colorado,2012
HONDA,Pilot,2013
LEXUS,RX,2010
HONDA,Ridgeline,2008
CHEVROLET,Corvette,2013
MAZDA,MX-5,2018
MERCEDES-BENZ,E-Class,2012
PORSCHE,Macan,2017
SUBARU,Outback,2011
HONDA,Ridgeline,2014
KIA,K900,2017
TOYOTA,Tacoma,2004
AUDI,S5,2019
FORD,F-350,2002
AUDI,A6,2016
VOLKSWAGEN,EuroVan,2001
BMW,M240i,2019
HUMMER,H3,2008
BMW,328d,2018
BMW,740i,2020
SUBARU,Baja,2006
MERCEDES-BENZ,GL-Class,2015
TOYOTA,4-Runner,2001
SUBARU,Forester,2015
JEEP,Gladiator,2021
KIA,Niro,2018
VOLKSWAGEN,Beetle,2019
MERCEDES-BENZ,SL-Class,2015
MERCEDES-BENZ,SL-Class,2013
TOYOTA,Sequoia,2010
DODGE,Journey,2020
LEXUS,LX,2015
PORSCHE,Cayenne,2014
AUDI,S5,2010
CADILLAC,ATS,2018
BMW,X6,2017
NISSAN,Murano,2006
AUDI,S7,2017
JAGUAR,XJ,2012
LEXUS,RX,2004
LEXUS,RX,2012
JEEP,Wrangler,2002
FORD,Explorer,2001
FORD,Flex,2011
GMC,Sierra,1995
LEXUS,RX,2006
SUBARU,Forester,2018
CHEVROLET,Impala,2013
AUDI,A3,2017
HONDA,Odyssey,2019
CHEVROLET,Camaro,2020
BMW,750i,2018
MAZDA,MX-5,2012
CHEVROLET,Corvette,2020
KIA,Sportage,2017
LINCOLN,Continental,2019
NISSAN,Leaf,2015
BMW,535i,2017
VOLKSWAGEN,Beetle,2018
CHEVROLET,Trax,2015
MERCEDES-BENZ,SL-Class,2014
VOLKSWAGEN,Jetta,2018
CHEVROLET,Trax,2016
HONDA,Civic,2005
KIA,K900,2019
KIA,Sorento,2012
AUDI,S5,2014
LINCOLN,MKX,2017
LINCOLN,MKC,2017
CADILLAC,Deville,1998
FORD,Escape,2011
MITSUBISHI,Endeavor,2004
CHEVROLET,HHR,2007
HONDA,Odyssey,2003
KIA,Sorento,2004
FORD,C-Max,2013
FORD,F-250,2003
DODGE,Intrepid,2002
MERCURY,Mariner,2010
DODGE,Intrepid,2000
VOLVO,V50,2005
VOLVO,S40,2006
CHEVROLET,Colorado,2020
NISSAN,Sentra,2020
GMC,Yukon,2005
TOYOTA,Pick-Up,1990
FORD,Excursion,2005
TOYOTA,Sienna,2001
CHEVROLET,Silverado,2021
BUICK,LaCrosse,2008
TOYOTA,Sienna,2020
INFINITI,FX35,2005
HYUNDAI,Ioniq,2018
MERCEDES-BENZ,GL-Class,2012
SUBARU,Legacy,2019
FORD,Transit,2015
GMC,Terrain,2018
NISSAN,350Z,2004
CHRYSLER,Crossfire,2005
BENTLEY,Continental,2008
GMC,Sierra,2019
KIA,Sedona,2016
SUBARU,Legacy,2009
FIAT,500,2015
SUBARU,Legacy,2008
FORD,Explorer,2004
INFINITI,Q50,2015
TOYOTA,Prius,2011
VOLKSWAGEN,e-Golf,2017
KIA,K5,2021
CHEVROLET,Impala,2010
NISSAN,Murano,2010
JEEP,Compass,2011
CHEVROLET,HHR,2011
CADILLAC,ATS,2015
DODGE,Nitro,2010
CHEVROLET,Malibu,2013
KIA,Sedona,2012
MAZDA,Mazda3,2011
FORD,Fusion,2010
FORD,Edge,2007
PONTIAC,Vibe,2007
FORD,Focus,2012
CHRYSLER,200,2012
MAZDA,Mazda5,2012
HONDA,Element,2007
FORD,Transit,2018
JEEP,Compass,2012
MAZDA,Mazda3,2007
BMW,530i,2019
MERCEDES-BENZ,S-Class,2013
CHEVROLET,Corvette,1987
VOLKSWAGEN,Tiguan,2013
MERCEDES-BENZ,CLA-Class,2014
LINCOLN,MKT,2016
HYUNDAI,Azera,2014
CHEVROLET,Traverse,2020
VOLVO,V60,2015
FORD,Ranger,2008
CHEVROLET,Camaro,1998
NISSAN,Juke,2014
CADILLAC,Escalade,2016
CHEVROLET,GMT-400,1996
MERCEDES-BENZ,CLS-Class,2007
HONDA,Civic,2014
FORD,F-150,1998
FORD,F-150,2007
CADILLAC,CT5,2020
BMW,i3,2015
FORD,Flex,2018
ACURA,MDX,2016
CADILLAC,XLR,2006
TOYOTA,Venza,2011
KIA,Sportage,2012
PORSCHE,911,2006
GMC,Yukon,2012
LEXUS,UX,2020
LINCOLN,MKT,2019
HONDA,Passport,2019
JAGUAR,F-TYPE,2015
MERCEDES-BENZ,S-Class,2014
INFINITI,QX30,2018
CHEVROLET,Spark,2019
HONDA,Insight,2019
AUDI,A3,2018
MAZDA,CX-9,2018
CHEVROLET,Volt,2014
AUDI,A8,2014
FORD,Taurus,2018
VOLKSWAGEN,Atlas,2018
MITSUBISHI,Mirage,2020
INFINITI,M37,2013
CADILLAC,CTS,2018
ACURA,RLX,2018
BMW,550i,2016
TOYOTA,Yaris,2019
LEXUS,CT,2015
BMW,M3,2016
TOYOTA,Sienna,2004
CHEVROLET,Cobalt,2009
CADILLAC,CTS,2008
VOLKSWAGEN,Jetta,2006
FORD,F-250,2007
FORD,E-250,2005
VOLVO,XC90,2013
MERCEDES-BENZ,CLS-Class,2016
KIA,Telluride,2020
NISSAN,Leaf,2013
JEEP,Liberty,2011
NISSAN,Cube,2009
CADILLAC,Escalade,2013
LEXUS,IS,2013
BMW,X4,2015
VOLKSWAGEN,CC,2014
FORD,Expedition,2002
LINCOLN,MKT,2018
RAM,3500,2020
CHEVROLET,Silverado,2006
AUDI,A4,2019
KIA,Stinger,2019
TOYOTA,Sienna,2005
DODGE,Durango,2017
TOYOTA,Avalon,2019
NISSAN,Altima,2006
FORD,Fiesta,2014
BMW,Z4,2003
MAZDA,Mazda6,2006
LINCOLN,LS,2001
MINI,Hardtop,2016
TOYOTA,RAV4,2020
AUDI,A5,2012
BMW,X5,2014
GMC,Canyon,2016
MERCEDES-BENZ,CLS-Class,2015
GMC,Terrain,2020
CHEVROLET,Impala,2017
HYUNDAI,Azera,2017
GMC,Yukon,2004
HONDA,Civic,2015
MERCEDES-BENZ,S-Class,2007
HYUNDAI,Genesis,2013
BMW,X1,2015
HONDA,Civic,2006
TOYOTA,Sienna,2019
PORSCHE,Cayenne,2013
AUDI,A6,2010
HYUNDAI,Sonata,2011
NISSAN,370Z,2012
MINI,Clubman,2018
CHEVROLET,Suburban,2016
FORD,F-150,1997
CHEVROLET,Suburban,2011
LAND-ROVER,LR2,2013
LEXUS,IS,2012
CHEVROLET,Blazer,2019
ACURA,TLX,2019
VOLKSWAGEN,Tiguan,2017
INFINITI,Q40,2015
ACURA,TL,2013
INFINITI,G37,2013
CADILLAC,XTS,2019
FORD,F-150,2021
HUMMER,H1,2000
SUBARU,WRX,2018
NISSAN,Altima,2012
GMC,Terrain,2012
TOYOTA,C-HR,2018
CADILLAC,XTS,2013
FORD,Explorer,2013
MERCEDES-BENZ,A-Class,2020
ACURA,TSX,2014
TOYOTA,Highlander,2011
HYUNDAI,Elantra,2020
CHEVROLET,Tahoe,1999
HONDA,Clarity,2019
HYUNDAI,Sonata,2012
PONTIAC,Montana,2003
JEEP,Wrangler,1995
MERCEDES-BENZ,SLK-Class,2002
DODGE,Ram,2000
LEXUS,GS,2003
JEEP,Wrangler,2003
BUICK,Encore,2018
GMC,Acadia,2008
LEXUS,LX,2018
TOYOTA,4-Runner,2006
CHRYSLER,300,2007
NISSAN,Titan,2018
FORD,E-250,2012
NISSAN,Sentra,2011
KIA,Rio,2020
SATURN,Vue,2008
CHRYSLER,Sebring,2010
LEXUS,RX,2008
ISUZU,T6F,2007
VOLKSWAGEN,Golf,2018
LEXUS,GS,2015
CHEVROLET,Blazer,2004
ACURA,TL,2012
INFINITI,M37,2012
INFINITI,Q45,1998
SUBARU,Outback,2008
LINCOLN,MKS,2013
MAZDA,Mazda3,2012
LEXUS,GX,2007
JEEP,Commander,2007
CHEVROLET,Impala,2014
KIA,Sorento,2011
HONDA,CR-V,2010
VOLKSWAGEN,Arteon,2019
RAM,2500,2021
FORD,Focus,2010
CHEVROLET,Corvette,2007
FORD,E-150,2004
HONDA,Civic,2019
BUICK,LaCrosse,2013
MERCEDES-BENZ,GL-Class,2008
LINCOLN,Navigator,2013
BMW,535i,2011
HONDA,Pilot,2010
TOYOTA,Corolla,2012
GMC,Canyon,2020
VOLKSWAGEN,Beetle,2013
MERCEDES-BENZ,Sprinter,2016
DODGE,Ram,2002
INFINITI,QX30,2017
HYUNDAI,Tucson,2014
NISSAN,NV,2012
VOLVO,V90CC,2018
FORD,F-250,1992
FORD,Explorer,2007
FORD,F-350,2021
LINCOLN,MKC,2018
BMW,328i,2014
TOYOTA,Highlander,2004
AUDI,S3,2016
MAZDA,CX-5,2018
VOLKSWAGEN,Golf,2017
HONDA,Fit,2015
VOLKSWAGEN,e-Golf,2016
MERCEDES-BENZ,GLC-Class,2019
JAGUAR,XF,2012
INFINITI,Q70L,2015
NISSAN,Xterra,2014
VOLKSWAGEN,Passat,2020
SUBARU,Impreza,2020
MAZDA,Mazda3,2014
MERCEDES-BENZ,GLA-Class,2018
MINI,Hardtop,2017
LEXUS,GX,2015
MINI,Hardtop,2013
NISSAN,Altima,2017
MERCEDES-BENZ,GLB-Class,2020
FORD,Escape,2016
FIAT,500,2013
CHEVROLET,Suburban,2019
CHEVROLET,Silverado,2003
TOYOTA,RAV4,2021
HYUNDAI,Elantra,2019
BMW,528i,2016
FORD,F-250,2021
FORD,Escape,2018
JEEP,Liberty,2003
BMW,X3,2015
CHEVROLET,Malibu,2015
HONDA,Clarity,2018
MERCEDES-BENZ,E-Class,2016
CHEVROLET,Equinox,2016
VOLVO,XC40,2019
MERCEDES-BENZ,GLE-Class,2018
CHEVROLET,Malibu,2007
BMW,X5,2006
BUICK,Envision,2018
CHEVROLET,Aveo,2011
ACURA,MDX,2007
LEXUS,RX,2009
HONDA,CR-V,2006
MERCEDES-BENZ,GLS-Class,2017
MERCEDES-BENZ,C-Class,2012
BMW,330i,2006
VOLKSWAGEN,Beetle,2012
FORD,F-250,2005
CHEVROLET,Trailblazer,2007
FORD,F-250,1999
FORD,E-150,2009
VOLVO,C30,2013
HONDA,Pilot,2009
VOLKSWAGEN,GTI,2014
BUICK,Cascada,2017
SUBARU,BRZ,2018
INFINITI,FX37,2013
HONDA,Crosstour,2014
SUBARU,BRZ,2019
HONDA,Pilot,2016
TOYOTA,Avalon,2017
VOLVO,V60CC,2018
BMW,740i,2018
LEXUS,CT,2013
HYUNDAI,Equus,2013
CADILLAC,SRX,2015
BMW,i3,2018
CADILLAC,CTS,2019
LINCOLN,MKX,2016
HONDA,Fit,2009
BMW,M3,2009
MAZDA,MX-5,2017
LEXUS,UX,2019
HYUNDAI,Genesis,2016
VOLKSWAGEN,Beetle,2016
GENESIS,G80,2018
KIA,Stinger,2018
FORD,Ranger,1994
CADILLAC,SRX,2016
SUBARU,Legacy,2016
MERCEDES-BENZ,SL-Class,2001
TOYOTA,Camry,2004
MINI,Hardtop,2015
FORD,Flex,2019
BMW,435i,2016
LEXUS,ES,2004
PORSCHE,Cayman,2007
NISSAN,Juke,2016
HYUNDAI,Accent,2020
BMW,650xi,2012
LEXUS,ES,2007
HYUNDAI,Kona,2020
TOYOTA,Highlander,2017
MAZDA,CX-9,2019
TOYOTA,Sequoia,2008
SUBARU,Legacy,2002
LEXUS,GX,2013
TOYOTA,Corolla,2011
HYUNDAI,Palisade,2020
LEXUS,RC,2015
MERCEDES-BENZ,SLK-Class,2015
VOLVO,XC60,2017
NISSAN,Murano,2009
LEXUS,LX,2009
FORD,Expedition,2014
BMW,Z4,2015
BMW,750i,2016
MERCEDES-BENZ,SLK-Class,2016
LEXUS,LS,2011
AUDI,A4,2012
VOLVO,C70,2013
NISSAN,Xterra,2011
HONDA,HR-V,2016
HYUNDAI,Elantra,2012
CHRYSLER,300C,2007
VOLKSWAGEN,Tiguan,2020
NISSAN,Sentra,2014
HYUNDAI,Sonata,2009
TOYOTA,Tundra,2003
BMW,325Ci,2005
VOLVO,XC90,2006
NISSAN,Titan,2006
MERCEDES-BENZ,500,1991
SUBARU,Ascent,2019
MAZDA,CX-3,2016
BUICK,Verano,2015
BUICK,Regal,2016
INFINITI,Q70,2015
LINCOLN,Navigator,2015
BUICK,Cascada,2016
CHRYSLER,LeBaron,1995
BMW,M3,2011
GMC,Yukon,2015
JAGUAR,F-PACE,2019
LEXUS,GX,2014
CHEVROLET,Volt,2017
MERCEDES-BENZ,300,1991
AUDI,S3,2018
JEEP,Cherokee,2014
VOLKSWAGEN,Jetta,2010
BMW,230i,2017
CHEVROLET,Avalanche,2011
CHEVROLET,Corvette,2003
HYUNDAI,Veloster,2016
FORD,Mustang,2007
FORD,F-450,2016
GMC,Envoy,2003
LEXUS,IS,2015
LINCOLN,MKX,2013
MERCEDES-BENZ,GL-Class,2013
FORD,Ranger,2010
MERCEDES-BENZ,CLS-Class,2014
HONDA,Fit,2013
BMW,535d,2015
KIA,Sedona,2015
CHEVROLET,Corvette,2004
NISSAN,Leaf,2018
CHEVROLET,Spark,2015
INFINITI,QX50,2019
TOYOTA,RAV4,2002
MITSUBISHI,Outlander,2017
RAM,3500,2016
FORD,F-450,2019
TOYOTA,MR2,1992
CHEVROLET,Spark,2016
BMW,428i,2016
HONDA,HR-V,2017
LEXUS,ES,2013
VOLVO,XC70,2016
TOYOTA,4-Runner,1990
BMW,528i,2015
HONDA,Fit,2012
ACURA,RDX,2015
ACURA,RDX,2012
AUDI,S4,2005
BMW,Z3,1998
FORD,Expedition,2005
CHEVROLET,Sonic,2018
HONDA,Ridgeline,2017
TOYOTA,4-Runner,1996
TOYOTA,Camry,2021
SAAB,9-3,2008
CHEVROLET,Colorado,2007
ACURA,RDX,2013
KIA,Sportage,2009
DODGE,Journey,2014
LEXUS,LS,2009
MERCEDES-BENZ,CLA-Class,2016
BMW,335d,2011
CHEVROLET,Corvette,2019
HONDA,Pilot,2011
CHRYSLER,300C,2011
NISSAN,350Z,2005
AUDI,S5,2018
MERCEDES-BENZ,CLA-Class,2019
TOYOTA,Corolla,2008
LEXUS,IS,2005
KIA,Stinger,2020
VOLVO,XC60,2016
INFINITI,EX35,2011
DODGE,Durango,2018
MITSUBISHI,Mirage,2017
MINI,Clubman,2008
MINI,Countryman,2018
FORD,Mustang,2004
FORD,Ranger,2009
NISSAN,Xterra,2004
CADILLAC,SRX,2013
INFINITI,G37,2010
CHEVROLET,Corvette,2018
BMW,650i,2009
MAZDA,Mazda3,2009
LINCOLN,MKS,2009
FORD,Edge,2017
AUDI,Q5,2016
ACURA,MDX,2008
VOLKSWAGEN,GTI,2012
LEXUS,ES,1999
INFINITI,EX35,2010
TOYOTA,Tundra,2012
FORD,Explorer,2009
KIA,Sorento,2007
CADILLAC,SRX,2008
LEXUS,RX,2002
AUDI,S7,2014
LINCOLN,Navigator,2005
VOLVO,C70,2011
CHEVROLET,Camaro,2012
TOYOTA,Avalon,2008
AUDI,A3,2019
BMW,328i,2010
BUICK,Enclave,2010
MINI,Countryman,2011
NISSAN,Frontier,2011
NISSAN,Xterra,2008
VOLVO,XC90,2017
SUBARU,Impreza,2008
BMW,650i,2016
BMW,328i,2008
HUMMER,H3,2006
SUBARU,Forester,2014
BMW,M5,2013
LINCOLN,MKX,2010
FORD,F-150,2006
CADILLAC,Escalade,2009
FORD,Ranger,2005
FORD,Fusion,2016
FIAT,500X,2017
BMW,535i,2013
VOLKSWAGEN,Golf,2011
AUDI,S7,2015
BMW,328iC,1999
NISSAN,Maxima,2012
FORD,E-150,2011
CADILLAC,Escalade,2002
NISSAN,Kicks,2018
VOLVO,C70,2012
JEEP,Liberty,2012
FORD,Contour,1998
CHEVROLET,Traverse,2012
BMW,335i,2012
NISSAN,370Z,2020
CHEVROLET,Corvette,2008
SUBARU,Baja,2003
SATURN,Sky,2007
CADILLAC,DTS,2008
DODGE,Neon,2005
MAZDA,Tribute,2003
MITSUBISHI,Lancer,2006
NISSAN,Juke,2012
NISSAN,Altima,2001
MAZDA,Mazda6,2014
LINCOLN,MKZ,2011
LEXUS,LS,2004
KIA,Borrego,2009
HYUNDAI,Tucson,2011
HONDA,Fit,2008
HYUNDAI,Accent,2018
SATURN,Vue,2006
MAZDA,RX-8,2009
FORD,Taurus,2004
MERCEDES-BENZ,B-Class,2014
CHEVROLET,Camaro,2013
GMC,Yukon,2013
GMC,Sonoma,2003
FORD,Ranger,2000
SAAB,9-3,2007
LEXUS,IS,2007
CHEVROLET,Express,1997
INFINITI,FX35,2009
AUDI,TT,2018
FORD,F-350,2003
HONDA,Ridgeline,2018
TOYOTA,Sequoia,2015
HYUNDAI,Azera,2013
CHEVROLET,Sonic,2015
VOLKSWAGEN,Tiguan,2010
ACURA,TL,2006
BUICK,Enclave,2008
JAGUAR,S-Type,2003
INFINITI,Q50,2017
MINI,Hardtop,2020
LAND-ROVER,Discovery,2019
CADILLAC,ELR,2014
CHRYSLER,300,2013
MERCEDES-BENZ,GLK-Class,2010
MERCEDES-BENZ,GLC-Class,2017
DODGE,Dakota,2003
DODGE,Journey,2009
BMW,750xi,2011
CADILLAC,STS,2008
VOLKSWAGEN,GTI,2008
NISSAN,Maxima,2010
MERCEDES-BENZ,E-Class,2009
BUICK,Lucerne,2011
KIA,Optima,2011
TOYOTA,Sienna,2012
FORD,Taurus,2002
BMW,X5,2012
CHEVROLET,Uplander,2008
HONDA,Pilot,2014
VOLVO,XC90,2011
TOYOTA,Highlander,2014
CHEVROLET,Equinox,2012
DODGE,Nitro,2011
CHEVROLET,Impala,2011
BMW,M3,2012
SUBARU,Forester,2016
NISSAN,Versa,2017
SUBARU,Outback,2012
MAZDA,Mazda3,2015
BUICK,Verano,2016
HYUNDAI,Accent,2014
KIA,Forte,2015
NISSAN,Altima,2013
NISSAN,Juke,2011
DODGE,Dakota,2011
TOYOTA,Camry,2006
MERCEDES-BENZ,C-Class,2019
TOYOTA,4-Runner,2008
MINI,Hardtop,2011
MERCEDES-BENZ,C-Class,2013
FIAT,500,2012
BUICK,LeSabre,2003
MERCEDES-BENZ,S-Class,2006
BMW,328i,2011
JAGUAR,F-TYPE,2014
VOLKSWAGEN,Jetta,2008
MAZDA,CX-9,2013
KIA,Forte,2010
LEXUS,RX,2005
TOYOTA,Avalon,2014
ACURA,MDX,2011
MAZDA,MX-5,2006
BMW,320i,2013
BMW,X1,2013
HYUNDAI,Elantra,2001
MAZDA,MX-5,2000
MERCEDES-BENZ,GLC-Class,2018
BMW,i3,2016
MASERATI,Ghibli,2014
SUBARU,BRZ,2015
INFINITI,G37,2011
INFINITI,QX80,2017
AUDI,Q7,2018
LEXUS,GS,2017
NISSAN,Armada,2011
SATURN,Vue,2007
HYUNDAI,Accent,2007
FORD,Ranger,2002
HYUNDAI,Sonata,2010
KIA,Rio,2014
CHRYSLER,Sebring,2002
NISSAN,Armada,2006
HONDA,Fit,2010
FORD,Mustang,2011
SUBARU,Impreza,2014
GMC,Yukon,2007
HONDA,Accord,2012
MERCEDES-BENZ,ML-Class,2013
CADILLAC,Escalade,2006
VOLKSWAGEN,Jetta,2012
VOLVO,XC90,2012
DODGE,Avenger,2013
LEXUS,GX,2016
FORD,Mustang,2006
NISSAN,Pathfinder,2010
CHEVROLET,Malibu,2011
GMC,Yukon,2019
AUDI,A8,2015
DODGE,Journey,2018
INFINITI,FX35,2012
BMW,Z4,2014
TOYOTA,Highlander,2020
AUDI,A7,2014
FORD,F-150,2004
BUICK,Rendezvous,2007
NISSAN,NV200,2017
DODGE,Dart,2013
NISSAN,Armada,2015
ACURA,TSX,2013
TOYOTA,Yaris,2017
NISSAN,Pathfinder,2016
FIAT,500L,2019
TOYOTA,Avalon,2016
AUDI,S4,2018
CHEVROLET,Spark,2018
VOLVO,XC60,2018
BMW,335i,2008
VOLVO,XC60,2010
BUICK,Verano,2017
TOYOTA,Corolla,2005
VOLKSWAGEN,Passat,2016
MAZDA,Tribute,2011
MERCEDES-BENZ,E-Class,2008
BMW,640i,2014
BMW,M240i,2017
FORD,Flex,2013
FORD,Fiesta,2017
BUICK,Enclave,2014
BUICK,Verano,2012
FORD,E-250,2014
TOYOTA,Tundra,2004
TOYOTA,Prius,2008
INFINITI,G25,2011
FORD,Fusion,2013
CHEVROLET,Suburban,2007
LEXUS,IS,2008
JEEP,Cherokee,1996
CHEVROLET,Tahoe,2010
INFINITI,QX56,2008
INFINITI,G37,2008
VOLVO,XC60,2012
MINI,Cooper,2008
KIA,Sorento,2008
DODGE,Journey,2013
MERCEDES-BENZ,A-Class,2019
CHEVROLET,Sonic,2019
MERCEDES-BENZ,SLC-Class,2018
SATURN,LW300,2003
SMART,Fortwo,2017
CADILLAC,XTS,2015
MITSUBISHI,Lancer,2013
KIA,Rio,2004
AUDI,Q5,2009
JEEP,Compass,2016
NISSAN,Sentra,2015
CADILLAC,Escalade,2014
HONDA,Accord,2007
NISSAN,370Z,2010
FIAT,500,2014
LEXUS,GS,2007
HYUNDAI,Veloster,2014
TOYOTA,Sienna,2007
HYUNDAI,Accent,2002
BUICK,Enclave,2018
HUMMER,H2,2007
LINCOLN,MKC,2019
HYUNDAI,Ioniq,2017
LEXUS,ES,2019
MAZDA,Mazda6,2010
VOLKSWAGEN,Beetle,2017
CHEVROLET,Suburban,2010
MERCEDES-BENZ,C-Class,2003
FIAT,500,2019
SUBARU,Forester,2017
MAZDA,CX-9,2016
CHEVROLET,Equinox,2010
HONDA,Civic,2004
TOYOTA,Prius,2014
TOYOTA,86,2019
TOYOTA,Prius,2012
FORD,F-250,2000
BMW,740i,2016
SUBARU,Outback,2016
GMC,Sierra,2004
JEEP,Compass,2008
TOYOTA,4-Runner,1997
BMW,128i,2010
HYUNDAI,Tucson,2015
BMW,128i,2011
FORD,E-250,2013
MERCEDES-BENZ,CLS-Class,2009
HYUNDAI,Elantra,2010
LEXUS,SC,2003
MERCEDES-BENZ,SL-Class,2011
HYUNDAI,Veracruz,2007
CHEVROLET,Impala,2018
HONDA,Crosstour,2013
GENESIS,G90,2018
FORD,F-350,2005
MAZDA,RX-8,2006
KIA,Cadenza,2016
INFINITI,G37,2012
AUDI,Q7,2014
MAZDA,Mazda2,2013
ACURA,RDX,2011
ISUZU,Rodeo/Amigo,1999
TOYOTA,Prius,2019
CHEVROLET,Camaro,1985
CHRYSLER,Crossfire,2006
CHEVROLET,Cobalt,2008
NISSAN,Maxima,2007
NISSAN,Pathfinder,2013
NISSAN,Armada,2013
HONDA,Accord,2016
HONDA,Fit,2011
SUBARU,Forester,2011
NISSAN,Xterra,2001
GMC,Yukon,2021
BMW,335i,2011
FORD,Taurus,2017
TOYOTA,Sequoia,2002
FORD,Mustang,2001
FORD,Focus,2008
INFINITI,G35,2005
JEEP,Wrangler,2009
VOLVO,S60,2012
CHEVROLET,Spark,2013
NISSAN,Maxima,2013
SUBARU,Forester,2013
BUICK,LaCrosse,2012
LEXUS,LS,2018
FORD,F-350,2014
NISSAN,Murano,2012
FORD,E-150,1981
LEXUS,GX,2019
CHEVROLET,Suburban,2008
ACURA,RDX,2010
VOLVO,XC90,2019
MAZDA,Mazda3,2019
BMW,X3,2016
GMC,Terrain,2014
CHEVROLET,Traverse,2017
GMC,Acadia,2016
CHRYSLER,300,2015
MINI,Countryman,2013
BMW,650i,2010
MINI,Cooper,2010
BMW,X6,2014
GMC,Yukon,2009
CHEVROLET,Cavalier,2001
DODGE,Ram,2006
TOYOTA,Sequoia,2019
HYUNDAI,Genesis,2015
PORSCHE,911,2018
MERCEDES-BENZ,G-Class,2018
BMW,M5,2020
CADILLAC,SRX,2014
BMW,325i,2006
PORSCHE,911,2001
FORD,Edge,2014
JEEP,Compass,2020
GMC,Acadia,2013
AUDI,Q5,2014
TOYOTA,Tacoma,2009
CHRYSLER,Sebring,2007
BMW,323i,1999
CHEVROLET,Tahoe,1996
BUICK,Regal,1987
CHEVROLET,Corvette,1982
MITSUBISHI,Mirage,2015
BMW,328i,2007
FORD,F-250,2009
MERCEDES-BENZ,E-Class,2006
JEEP,Wrangler,2001
CADILLAC,CTS,2007
AUDI,A6,2013
TOYOTA,Sequoia,2017
ACURA,ILX,2015
MAZDA,CX-9,2009
NISSAN,Murano,2015
VOLVO,S90,2019
INFINITI,QX50,2016
RAM,3500,2019
MITSUBISHI,Outlander,2015
TOYOTA,Camry,2010
CHEVROLET,Trailblazer,2003
MERCEDES-BENZ,CLA-Class,2017
PONTIAC,Solstice,2009
VOLKSWAGEN,Vanagon,1987
BMW,528i,2010
MERCEDES-BENZ,Sprinter,2017
MERCEDES-BENZ,B-Class,2017
PETERBILT,389,2014
FORD,F-350,2006
DODGE,Ram,1998
TOYOTA,4-Runner,2013
FORD,F-250,1990
CHEVROLET,Avalanche,2003
DODGE,Charger,2011
CHEVROLET,Cobalt,2007
AUDI,A3,2013
CADILLAC,Escalade,2010
CHEVROLET,Suburban,2014
CHEVROLET,Traverse,2016
FORD,F-450,2009
VOLVO,XC90,2018
VOLVO,XC90,2020
FORD,F-450,2010
BMW,135i,2010
MERCEDES-BENZ,Sprinter,2015
CHEVROLET,Express,2020
CHEVROLET,Express,2018
ISUZU,Rodeo,2002
JEEP,Liberty,2007
CHEVROLET,Trailblazer,2004
AUDI,A4,2002
NISSAN,Titan,2005
NISSAN,Frontier,1999
CHEVROLET,Blazer,2002
VOLVO,S80,2008
JEEP,Wrangler,1991
DODGE,Ram,2001
GMC,Safari,1999
ACURA,TLX,2020
MAZDA,CX-9,2012
DODGE,Ram,2003
PONTIAC,Vibe,2006
VOLKSWAGEN,Tiguan,2016
INFINITI,JX35,2013
JEEP,Wrangler,1989
DODGE,Ram,1999
HONDA,Pilot,2012
FORD,F-250,1996
CHEVROLET,Express,2019
NISSAN,Sentra,2010
MERCEDES-BENZ,SL-Class,2006
RAM,1500,2021
FORD,F-350,2008
BMW,740iL,2001
NISSAN,Leaf,2020
INFINITI,QX80,2018
FORD,F-450,2013
TOYOTA,Tacoma,2008
FORD,F-350,2009
ACURA,MDX,2012
BMW,335i,2007
HYUNDAI,Sonata,2014
LEXUS,GS,2016
RAM,3500,2017
LAND-ROVER,LR2,2014
FORD,Ecosport,2019
FORD,E-250,2011
PONTIAC,Firebird,1989
MINI,Hardtop,2019
MINI,Clubman,2016
AUDI,A5,2015
CHEVROLET,Tahoe,2018
FORD,F-450,2020
ACURA,ILX,2016
MERCEDES-BENZ,GLC-Class,2020
ACURA,TSX,2011
LEXUS,GS,2014
KIA,Sorento,2013
FORD,F-150,2003
MERCEDES-BENZ,GLS-Class,2019
HYUNDAI,Accent,2017
HYUNDAI,Accent,2012
MAZDA,Mazda5,2015
TOYOTA,RAV4,2010
RAM,3500,2013
FORD,F-250,2018
FORD,F-150,2002
CHEVROLET,Impala,2000
CHEVROLET,Trailblazer,2002
BUICK,Regal,2013
MERCEDES-BENZ,GLE-Class,2016
BUICK,Envision,2019
MERCURY,Milan,2006
GMC,Sierra,2010
DODGE,Sprinter,2005
MAZDA,Mazda5,2010
DODGE,Ram,1994
AUDI,A5,2013
KIA,Sportage,2014
NISSAN,Leaf,2014
GMC,Yukon,2006
FORD,Expedition,2004
DODGE,Charger,2013
CHEVROLET,Venture,1999
PONTIAC,Torrent,2008
VOLKSWAGEN,Tiguan,2009
VOLKSWAGEN,Beetle,2004
PORSCHE,Boxster,1999
MERCEDES-BENZ,SL-Class,2004
AUDI,S5,2013
HUMMER,H2,2004
CHEVROLET,Tahoe,2003
NISSAN,Sentra,2005
HONDA,CR-V,2009
MAZDA,MX-5,2011
GMC,Acadia,2011
LEXUS,ES,2014
LEXUS,HS,2010
JEEP,Compass,2013
SUBARU,Forester,2003
LINCOLN,LS,2002
SUBARU,Impreza,2006
LEXUS,LX,2000
PORSCHE,Cayenne,2010
BMW,X6,2009
CHRYSLER,Pacifica,2021
AUDI,Q5,2013
MITSUBISHI,Lancer,2014
MAZDA,Mazda6,2003
DODGE,Durango,2007
BMW,330Ci,2001
VOLKSWAGEN,R32,2008
BMW,X4,2018
VOLKSWAGEN,Passat,2017
DODGE,Caliber,2010
DODGE,Nitro,2008
CHEVROLET,Aveo,2008
BMW,X3,2006
MERCEDES-BENZ,SL-Class,2005
FORD,Thunderbird,2002
LEXUS,RX,2015
PORSCHE,Cayenne,2011
BMW,528i,2013
BMW,X5,2015
TOYOTA,Avalon,2006
AUDI,A4,2015
CADILLAC,Seville,2000
SATURN,Sky,2009
LEXUS,SC,2002
PORSCHE,Boxster,2004
PONTIAC,Solstice,2006
TOYOTA,Tacoma,2001
AUDI,A4,2014
CADILLAC,Escalade,2003
CHRYSLER,200,2011
KIA,K900,2015
SUBARU,Outback,2006
CHEVROLET,Sonic,2016
GMC,Sierra,2002
HYUNDAI,Tucson,2010
TOYOTA,4-Runner,2002
FORD,Taurus,2011
FORD,Focus,2002
ACURA,TSX,2010
BMW,328d,2017
ACURA,TL,2014
BMW,X3,2014
BMW,428i,2014
AUDI,A3,2012
CHRYSLER,300,2012
AUDI,Q7,2013
NISSAN,Titan,2015
ACURA,TL,2010
PORSCHE,Panamera,2016
MASERATI,Ghibli,2016
LEXUS,RX,2016
DODGE,Charger,2008
CHEVROLET,Trailblazer,2005
AUDI,SQ5,2016
AUDI,A7,2013
LEXUS,SC,2004
BMW,550i,2014
BMW,328d,2014
JAGUAR,XF,2011
BMW,640i,2013
MERCEDES-BENZ,GL-Class,2014
MITSUBISHI,Lancer,2015
LEXUS,LX,2005
MERCEDES-BENZ,CLK-Class,2002
HONDA,Odyssey,2004
VOLKSWAGEN,EuroVan,1999
AUDI,S5,2009
TOYOTA,4-Runner,1998
PORSCHE,Cayenne,2008
MERCEDES-BENZ,CL-Class,2005
KIA,Sportage,2015
NISSAN,Pathfinder,2011
MAZDA,Mazda2,2014
TOYOTA,Highlander,2010
INFINITI,QX56,2011
FORD,Taurus,2008
SUBARU,Forester,2010
HYUNDAI,Genesis,2011
NISSAN,Rogue,2012
NISSAN,Sentra,2009
AUDI,A4,2011
LINCOLN,MKZ,2020
INFINITI,QX60,2016
CHEVROLET,SS,2015
NISSAN,Sentra,2006
PONTIAC,Vibe,2009
LINCOLN,MKZ,2012
TOYOTA,Highlander,2002
TOYOTA,Yaris,2016
NISSAN,Sentra,2008
GMC,Sierra,2003
HONDA,Element,2003
FORD,Ranger,2007
BMW,335i,2015
CHEVROLET,Volt,2013
SUBARU,Outback,2007
INFINITI,QX70,2015
VOLKSWAGEN,Beetle,2006
GMC,Envoy,2002
FORD,F-350,1999
TOYOTA,Avalon,2018
BMW,650i,2006
TOYOTA,Sienna,2006
VOLVO,XC70,2013
MERCEDES-BENZ,S-Class,2010
INFINITI,QX4,1998
JEEP,Patriot,2009
FORD,Explorer,2011
TOYOTA,Sienna,2014
MERCEDES-BENZ,SL-Class,1998
BMW,528i,2000
MERCEDES-BENZ,CLK-Class,2007
AUDI,A7,2012
FORD,F-350,2020
HONDA,Crosstour,2012
MERCEDES-BENZ,SLK-Class,2012
MERCEDES-BENZ,SL-Class,2007
HYUNDAI,Accent,2015
GMC,Yukon,2003
BUICK,LaCrosse,2011
SATURN,LS2,2001
GMC,Envoy,2004
FORD,Excursion,2001
BMW,X5,2009
HONDA,Pilot,2020
CADILLAC,XTS,2018
NISSAN,NV,2019
HYUNDAI,Genesis,2012
FORD,Taurus,2003
KIA,Spectra,2008
VOLKSWAGEN,GTI,2015
CHEVROLET,Suburban,2012
CHEVROLET,Avalanche,2013
FORD,Flex,2009
BMW,740Li,2012
BMW,550i,2007
BMW,535i,2014
BMW,740i,2011
BMW,550i,2012
BMW,X2,2019
BMW,550i,2010
MERCEDES-BENZ,GLE-Class,2017
BMW,540i,2017
BMW,M550i,2018
BMW,330e,2018
BMW,740i,2017
BMW,650i,2015
BMW,X6,2015
FORD,Fiesta,2012
HONDA,Odyssey,2017
CHEVROLET,Express,2007
TOYOTA,Tacoma,2003
FORD,E-350,2002
FORD,F-150,1993
CHEVROLET,HHR,2009
HONDA,Fit,2017
NISSAN,Pathfinder,2012
FORD,F-150,1999
MERCEDES-BENZ,CLS-Class,2013
INFINITI,G25,2012
INFINITI,Q70L,2016
BMW,M235i,2015
TOYOTA,Highlander,2015
MERCEDES-BENZ,Sprinter,2012
MERCEDES-BENZ,GLK-Class,2012
INFINITI,QX80,2015
VOLVO,XC40,2021
CADILLAC,Escalade,2012
SATURN,Aura,2008
DODGE,Durango,2015
BMW,Z3,2000
KIA,Forte,2011
NISSAN,Versa,2012
HONDA,Insight,2010
TOYOTA,Highlander,2005
LEXUS,LS,2006
FORD,Expedition,2003
TOYOTA,Tacoma,2006
NISSAN,Frontier,2004
JEEP,Liberty,2005
TOYOTA,Sequoia,2001
LEXUS,RX,2000
ACURA,MDX,2003
TOYOTA,Tacoma,1999
CHEVROLET,Suburban,2002
INFINITI,G35,2006
VOLKSWAGEN,Rabbit,2008
AUDI,TT,2002
AUDI,TT,2004
VOLVO,C30,2008
VOLKSWAGEN,Touareg,2011
TOYOTA,Mirai,2017
SUBARU,Legacy,2010
SUBARU,Legacy,2011
SUBARU,Impreza,2009
MAZDA,CX-7,2010
FORD,Fiesta,2015
AUDI,Q3,2016
GMC,Canyon,2009
BMW,X5,2008
MAZDA,Mazda5,2008
NISSAN,350Z,2003
MINI,Clubman,2009
LEXUS,IS,2004
HONDA,Element,2005
CHEVROLET,Sonic,2020
MITSUBISHI,Endeavor,2008
VOLVO,XC70,2008
TOYOTA,Tundra,2000
TOYOTA,MR2,2005
NISSAN,Leaf,2011
AUDI,A6,2019
LEXUS,ES,2020
LEXUS,IS,2019
TOYOTA,4-Runner,1993
JEEP,CJ-7,1981
HYUNDAI,Tucson,2021
FORD,E-150,2012
FORD,E-150,2006
CHEVROLET,Suburban,1999
JEEP,Wrangler,1998
GMC,Savana,2004
DODGE,Avenger,2014
BUICK,Enclave,2011
FORD,Focus,2006
LAND-ROVER,Discovery,1997
VOLKSWAGEN,Beetle,2001
HONDA,Odyssey,2008
BMW,X5,2010
MERCEDES-BENZ,E-Class,2010
KIA,Forte,2021
CHEVROLET,Sonic,2012
MAZDA,CX-5,2014
JEEP,Compass,2009
INFINITI,G35,2008
NISSAN,Versa,2015
BMW,330e,2017
MERCEDES-BENZ,SLK-Class,2007
HYUNDAI,Elantra,2008
PORSCHE,911,2004
VOLVO,S40,2007
DODGE,Durango,2004
TOYOTA,Yaris,2015
FORD,Fusion,2006
FORD,F-450,2008
BMW,330Ci,2002
CHEVROLET,Impala,2009
MAZDA,CX-9,2011
NISSAN,NV200,2018
NISSAN,NV200,2013
NISSAN,Armada,2004
TOYOTA,Yaris,2008
CHRYSLER,Prowler,2001
FORD,Excursion,2003
NISSAN,Titan,2008
MITSUBISHI,Diamante,2004
FORD,Escape,2006
PORSCHE,Macan,2015
CHEVROLET,Corvette,2021
TOYOTA,Supra,2021
MINI,Clubman,2011
BMW,335i,2010
MERCEDES-BENZ,CLK-Class,2008
PORSCHE,Panamera,2014
CHEVROLET,Uplander,2007
PORSCHE,Cayenne,2012
JEEP,Cherokee,1986
ACURA,TL,2002
NISSAN,Altima,2010
FORD,Escape,2009
VOLKSWAGEN,Jetta,2009
TOYOTA,Sequoia,2007
MERCEDES-BENZ,CLA-Class,2020
LEXUS,LS,2010
GMC,Sierra,1996
MERCEDES-BENZ,S-Class,2016
MAZDA,Mazda3,2008
NISSAN,Rogue,2010
VOLKSWAGEN,Passat,2007
HONDA,CR-V,2002
CHEVROLET,HHR,2006
CHEVROLET,Suburban,2017
HYUNDAI,Accent,2013
MERCURY,Mariner,2008
GMC,Terrain,2017
VOLVO,C70,2008
TOYOTA,RAV4,2015
HONDA,Ridgeline,2007
BMW,540i,2018
MASERATI,Quattroporte,2018
CHEVROLET,Camaro,1999
CHRYSLER,Sebring,2005
NISSAN,Xterra,2012
LEXUS,GS,2011
BMW,X5,2004
MINI,Cooper,2005
FORD,F-350,2000
NISSAN,Altima,2005
BUICK,LeSabre,2004
MERCEDES-BENZ,CL-Class,1999
AUDI,S4,2014
CHEVROLET,Volt,2016
CADILLAC,DTS,2006
BMW,320i,2016
AUDI,A6,2012
FORD,Bronco,1985
MAZDA,Mazda5,2009
NISSAN,Kicks,2019
NISSAN,Armada,2010
HYUNDAI,Elantra,2002
BUICK,Regal,2003
KIA,K900,2016
FORD,Fiesta,2013
NISSAN,Murano,2014
LEXUS,ES,2010
VOLVO,S40,2008
JEEP,Patriot,2010
MAZDA,CX-9,2017
HYUNDAI,Genesis,2009
MERCEDES-BENZ,560,1986
TOYOTA,Sequoia,2011
MERCEDES-BENZ,560,1988
MERCEDES-BENZ,560,1987
MERCEDES-BENZ,560,1989
BMW,550i,2009
FORD,Mustang,2009
INFINITI,G35,2007
BMW,535i,2010
HYUNDAI,Elantra,2007
BMW,X3,2007
BMW,530i,2007
TOYOTA,Avalon,2020
BMW,Z4,2007
ACURA,TSX,2005
AUDI,S4,2015
HYUNDAI,Venue,2020
HONDA,Ridgeline,2020
PORSCHE,Boxster,2014
AUDI,S5,2015
HONDA,Civic,2010
VOLKSWAGEN,e-Golf,2019
BUICK,Encore,2013
HYUNDAI,Ioniq,2020
TOYOTA,Venza,2013
CHEVROLET,Volt,2018
VOLKSWAGEN,Jetta,2020
BMW,X1,2020
VOLKSWAGEN,Jetta,2002
KIA,Sedona,2011
JEEP,Liberty,2002
MERCEDES-BENZ,SLK-Class,2003
TOYOTA,Sequoia,2005
MERCEDES-BENZ,C-Class,2011
MERCEDES-BENZ,M-Class,2000
VOLVO,S40,2009
NISSAN,Maxima,1998
TOYOTA,4-Runner,1999
FORD,Explorer,2002
MERCEDES-BENZ,E-Class,2007
NISSAN,Maxima,2016
MERCURY,Sable,2001
HONDA,Accord,1994
FORD,Focus,2007
VOLKSWAGEN,Tiguan,2012
HYUNDAI,Tucson,2005
TOYOTA,Camry,2001
CHEVROLET,Corvette,1996
CADILLAC,ATS,2016
BMW,528i,2011
FORD,Mustang,2021
HYUNDAI,Kona,2021
FORD,Focus,2003
BMW,430i,2019
TOYOTA,Prius,2002
AUDI,Q5,2019
MINI,Cooper,2009
AUDI,A3,2020
MERCEDES-BENZ,S-Class,2018
FORD,Mustang,1999
VOLVO,XC90,2004
MERCEDES-BENZ,CLS-Class,2010
CADILLAC,XTS,2017
VOLKSWAGEN,Rabbit,2007
AUDI,A3,2011
MERCEDES-BENZ,CLK-Class,2006
MERCEDES-BENZ,GL-Class,2011
INFINITI,Q50,2016
LEXUS,GX,2004
BMW,530i,2018
BMW,325i,2003
LAND-ROVER,Defender,2020
GMC,Savana,2017
BMW,X6,2016
SUBARU,Impreza,2005
MAZDA,Mazda5,2007
JAGUAR,S-Type,2006
AUDI,TT,2008
BMW,230i,2020
PORSCHE,Boxster,2015
TOYOTA,Prius,2006
MAZDA,CX-30,2020
MAZDA,Mazda6,2020
INFINITI,Q60,2014
MERCEDES-BENZ,C-Class,2002
LOTUS,Elise,2006
KIA,Optima,2007
JEEP,Compass,2007
FORD,Fusion,2009
AUDI,TT,2017
MITSUBISHI,Lancer,2017
NISSAN,Quest,2014
MERCEDES-BENZ,GL-Class,2010
DODGE,Durango,2005
LEXUS,ES,2000
CADILLAC,XTS,2016
MERCEDES-BENZ,E-Class,1999
CADILLAC,Seville,1992
VOLKSWAGEN,EuroVan,2002
BMW,545i,2004
PETERBILT,379,1997
PORSCHE,Boxster,2005
TOYOTA,RAV4,2004
AUDI,A4,2013
KIA,Sportage,2006
MERCEDES-BENZ,CLS-Class,2006
BMW,M3,2008
BMW,228i,2016
HYUNDAI,Accent,2019
HONDA,Odyssey,2020
HONDA,CR-V,1997
VOLKSWAGEN,Golf,2019
ACURA,RLX,2014
AUDI,R8,2011
CHEVROLET,Silverado,2000
VOLVO,S70,2000
MERCEDES-BENZ,M-Class,2008
VOLVO,S60,2017
BMW,330Ci,2006
BMW,M4,2015
JEEP,Liberty,2009
INFINITI,G35,2004
ACURA,TSX,2007
BMW,X5,2003
BMW,M3,2006
CHRYSLER,Sebring,2003
NISSAN,Altima,2002
LEXUS,ES,2006
TOYOTA,4-Runner,1995
HYUNDAI,Venue,2021
GMC,Suburban,1990
BMW,i3,2017
SUBARU,Legacy,2001
TOYOTA,Avalon,2000
HONDA,Civic,2002
MASERATI,Ghibli,2017
CHEVROLET,Tahoe,2005
TOYOTA,Avalon,2015
HONDA,Pilot,2008
HONDA,Civic,2000
GMC,Envoy,2007
TOYOTA,Corolla,2007
TOYOTA,Sienna,1998
HONDA,Odyssey,2002
BMW,440i,2018
KIA,Spectra,2009
HONDA,Accord,2003
BMW,740e,2018
MAZDA,CX-3,2017
ACURA,ILX,2020
LEXUS,GS,2009
JAGUAR,XJR,2001
FORD,Explorer,1999
MERCEDES-BENZ,CLS-Class,2011
NISSAN,Versa,2008
LEXUS,ES,2003
CHRYSLER,Aspen,2008
AUDI,A4,2006
FORD,Taurus,2009
MITSUBISHI,Lancer,2016
TOYOTA,Cressida,1989
MAZDA,Mazda6,2009
TOYOTA,Avalon,2002
MERCEDES-BENZ,S-Class,2001
DODGE,Dakota,1998
NISSAN,Frontier,2006
CHEVROLET,Aveo,2006
MAZDA,B-Series,1996
NISSAN,Quest,2000
LEXUS,GS,1999
CHEVROLET,Suburban,2001
VOLKSWAGEN,Golf,2014
CHEVROLET,Colorado,2005
MERCEDES-BENZ,CLK-Class,1999
INFINITI,QX56,2007
SUBARU,Impreza,2015
SATURN,Vue,2004
BUICK,Rainier,2004
HYUNDAI,Accent,2005
TOYOTA,C-HR,2020
BMW,335i,2009
NISSAN,Quest,2007
FORD,Explorer,2010
TOYOTA,Corolla,2000
MITSUBISHI,Mirage,2014
TOYOTA,Yaris,2010
LEXUS,IS,2010
CADILLAC,Deville,1985
TOYOTA,Corolla,2003
TOYOTA,Camry,1999
TOYOTA,Venza,2014
VOLKSWAGEN,Tiguan,2015
HONDA,Odyssey,2006
BMW,530e,2018
FORD,Edge,2012
BMW,M3,2018
KIA,Forte,2013
LEXUS,ES,2011
HONDA,Element,2004
FIAT,500,2016
BMW,328i,2009
FORD,Ranger,2001
TOYOTA,C-HR,2019
TOYOTA,Avalon,2009
MASERATI,Ghibli,2018
BMW,330Ci,2004
SUBARU,Ascent,2021
CADILLAC,XT6,2020
MAZDA,MX-5,1999
CADILLAC,Escalade,2020
MITSUBISHI,Endeavor,2011
BMW,228i,2020
LEXUS,GS,2018
HYUNDAI,Tiburon,2008
KIA,Sorento,2005
NISSAN,Versa,2014
MAZDA,CX-3,2019
TOYOTA,Tacoma,1996
BMW,M3,2017
PONTIAC,G6,2010
SUBARU,Outback,2021
MERCEDES-BENZ,CL-Class,2002
LEXUS,GS,2008
MERCEDES-BENZ,SLK-Class,2001
MAZDA,Mazda6,2012
HONDA,CR-V,1999
AUDI,A3,2008
NISSAN,Sentra,2012
BMW,640i,2016
BMW,M6,2016
BMW,X1,2019
NISSAN,Maxima,2006
BMW,440i,2019
CHRYSLER,300,2005
CADILLAC,CT4,2020
BMW,M6,2014
MAZDA,Mazda3,2021
SUZUKI,XL7,2008
LEXUS,GS,2005
LEXUS,RC,2019
AUDI,SQ5,2018
TOYOTA,Avalon,2005
MERCEDES-BENZ,E-Class,2003
FORD,Edge,2009
HONDA,Pilot,2007
VOLVO,S80,2004
BUICK,Riviera,1995
MITSUBISHI,Galant,2006
CHEVROLET,Uplander,2006
HONDA,CR-V,2003
BMW,M2,2016
SUBARU,Forester,2006
MERCURY,Mountaineer,2004
NISSAN,Frontier,2007
VOLKSWAGEN,Beetle,2007
MERCEDES-BENZ,M-Class,2004
BMW,740iL,2000
BMW,750iL,1993
MAZDA,RX-8,2005
NISSAN,Altima,2003
MERCEDES-BENZ,CLS-Class,2018
AUDI,A4,2009
DODGE,Durango,2012
VOLVO,S80,2009
FORD,E-150,2008
MAZDA,CX-7,2008
NISSAN,Cube,2010
NISSAN,Frontier,2005
CHEVROLET,Equinox,2005
CHRYSLER,300C,2006
CHEVROLET,Suburban,2004
MERCEDES-BENZ,E-Class,2005
ACURA,TL,2008
LINCOLN,Navigator,2002
HONDA,CR-Z,2014
KIA,Soul,2021
PORSCHE,Cayenne,2017
TOYOTA,Prius,2004
FORD,F-350,1993
DODGE,Nitro,2007
MAZDA,CX-3,2018
ACURA,RLX,2016
MASERATI,Ghibli,2019
MERCEDES-BENZ,C-Class,2010
PORSCHE,Cayenne,2018
VOLKSWAGEN,Jetta,2003
BMW,535xi,2008
MERCEDES-BENZ,300,1993
TOYOTA,4-Runner,2000
LEXUS,ES,2001
MAZDA,Millenia,2002
DODGE,Sprinter,2008
PORSCHE,Cayenne,2019
FORD,E-150,2007
NISSAN,300ZX,1993
ACURA,TLX,2016
AUDI,A3,2009
NISSAN,Quest,2015
VOLKSWAGEN,Passat,2001
MAZDA,CX-9,2010
HONDA,Insight,2020
VOLVO,S80,2011
BMW,525iA,2003
KIA,Cadenza,2015
AUDI,A8,2004
AUDI,A3,2015
BMW,128i,2008
MERCEDES-BENZ,CL-Class,2007
MAZDA,MX-5,1991
DODGE,Durango,1998
AUDI,A4,2020
VOLVO,V60CC,2016
JEEP,Commander,2006
MERCEDES-BENZ,300,1989
VOLKSWAGEN,Beetle,2014
CHEVROLET,Suburban,2018
NISSAN,Leaf,2012
PORSCHE,911,2005
HYUNDAI,Equus,2011
VOLVO,S80,2003
JAGUAR,XF,2013
JAGUAR,XK,2006
HYUNDAI,Tucson,2013
PORSCHE,911,2000
HYUNDAI,XG300,2001
FORD,Focus,2000
BUICK,LeSabre,1998
MERCEDES-BENZ,SLK-Class,2006
BMW,Z4,2006
LEXUS,SC,2008
BMW,528i,2012
PORSCHE,Boxster,1998
MERCEDES-BENZ,C-Class,2007
BMW,325i,2005
PORSCHE,Boxster,2007
MERCEDES-BENZ,GLS-Class,2018
MITSUBISHI,Raider,2006
AUDI,A5,2008
AUDI,A4,2003
FORD,Focus,2011
FORD,Ranger,1998
AUDI,A6,2008
MERCEDES-BENZ,M-Class,2006
CADILLAC,Deville,2004
MERCEDES-BENZ,CLK-Class,2003
MAZDA,Mazda2,2012
LINCOLN,Aviator,2004
BENTLEY,Continental,2007
TOYOTA,Avalon,1999
MINI,Cooper,2007
FORD,Thunderbird,1996
HONDA,Accord,1999
MITSUBISHI,Galant,2009
FORD,Mustang,2005
LEXUS,ES,2005
BMW,Z3,2002
MITSUBISHI,Eclipse,2004
MITSUBISHI,Eclipse,2003
HONDA,Civic,2003
BMW,525i,2007
BMW,M5,2006
BMW,325i,2004
ROLLS-ROYCE,Ghost,2011
BMW,750i,2011
BMW,M6,2007
BMW,M3Ci,2005
LINCOLN,MKT,2010
CHEVROLET,Camaro,1994
NISSAN,Versa,2016
NISSAN,Armada,2005
FORD,E-250,2006
AUDI,R8,2017
DODGE,Charger,2007
MERCEDES-BENZ,CLS-Class,2017
SUBARU,Forester,2012
MAZDA,MX-5,1990
BMW,M8,2020
MERCEDES-BENZ,S-Class,2012
ROLLS-ROYCE,Corniche,1982
BUICK,Enclave,2013
BUICK,Century,2002
MERCEDES-BENZ,S-Class,2020
CHEVROLET,Malibu,2006
MAZDA,CX-5,2013
GMC,Sonoma,2000
HONDA,Ridgeline,2010
KIA,Sportage,2011
TOYOTA,RAV4,2005
MAZDA,Mazda6,2015
SUBARU,Outback,2005
TOYOTA,Sequoia,2003
PORSCHE,Boxster,2011
MERCEDES-BENZ,S-Class,2009
CADILLAC,DTS,2010
SUBARU,BRZ,2020
TOYOTA,Supra,2020
MERCEDES-BENZ,R-Class,2006
FORD,Windstar,2000
MITSUBISHI,Lancer,2011
AUDI,Q5,2010
CHEVROLET,Malibu,2005
BMW,X6,2013
BMW,328d,2015
FORD,Focus,2004
CHEVROLET,Cavalier,1999
INFINITI,Q70,2016
FORD,Ranger,2006
NISSAN,Titan,2004
AUDI,A3,2007
ACURA,MDX,2009
BMW,135i,2011
BMW,M235i,2016
GMC,Yukon,2018
BMW,M5,2008
VOLVO,S90,2017
BMW,M340i,2020
LEXUS,LX,2011
INFINITI,QX60,2014
LEXUS,LX,2010
BMW,740Li,2011
CADILLAC,CTS,2006
BENTLEY,Continental,2010
AUDI,S5,2011
LEXUS,LS,2015
CHEVROLET,Corvette,2012
BMW,640i,2012
CHEVROLET,Corvette,2006
VOLKSWAGEN,Tiguan,2011
BMW,228i,2014
LEXUS,LS,2003
DODGE,Charger,2010
CHEVROLET,Cavalier,2005
SMART,Fortwo,2008
FORD,Escape,2007
AUDI,S3,2020
JAGUAR,XK8,1999
BMW,650i,2012
FORD,Mustang,1997
GMC,Sonoma,2004
ACURA,RSX,2002
SUBARU,Legacy,2003
HYUNDAI,Elantra,2005
DODGE,Durango,1999
CHEVROLET,GMT-400,1989
MERCEDES-BENZ,M-Class,2009
CHRYSLER,Aspen,2009
TOYOTA,MR2,2003
FORD,Excursion,2004
CHEVROLET,Corvette,2000
NISSAN,Pathfinder,2008
DODGE,Dakota,2000
BMW,750i,2008
PONTIAC,G6,2008
HONDA,Element,2006
HONDA,Ridgeline,2013
TOYOTA,Sequoia,2006
AUDI,A4,2010
NISSAN,Murano,2003
TOYOTA,Sienna,2010
JEEP,Compass,2017
CHEVROLET,Camaro,2002
NISSAN,Frontier,2009
PETERBILT,379,2001
DODGE,Dart,2014
PETERBILT,379,1996
NISSAN,Titan,2016
NISSAN,Titan,2020
KIA,Forte,2014
AUDI,A6,2015
AUDI,A8,2006
HONDA,Element,2008
TOYOTA,Tundra,2002
NISSAN,Xterra,2006
LEXUS,LX,2008
BUICK,LaCrosse,2007
GMC,Yukon,2008
TOYOTA,Sequoia,2016
FORD,Explorer,2008
CADILLAC,CT6,2018
JAGUAR,F-PACE,2020
MERCEDES-BENZ,G-Class,2017
HYUNDAI,Veracruz,2011
BMW,M5,2018
JAGUAR,S-Type,2001
JEEP,Liberty,2008
FORD,F-350,1997
LEXUS,GX,2003
CHEVROLET,Colorado,2010
HYUNDAI,Azera,2015
HONDA,Pilot,2003
CHEVROLET,Blazer,1993
NISSAN,NV,2013
BMW,X3,2005
ACURA,MDX,2006
MERCEDES-BENZ,SL-Class,2009
CHEVROLET,Corvette,2002
NISSAN,NV200,2016
SUBARU,Outback,2015
FORD,Flex,2015
GMC,Sonoma,1995
HYUNDAI,Accent,2016
AUDI,Q7,2011
LINCOLN,Navigator,1999
BUICK,Regal,2015
BUICK,Rendezvous,2003
INFINITI,QX56,2005
MERCEDES-BENZ,M-Class,2001
BMW,325xi,2002
GMC,Sierra,2005
GMC,Acadia,2010
LINCOLN,MKT,2012
NISSAN,Frontier,2001
NISSAN,Xterra,2000
TOYOTA,RAV4,2009
SATURN,Ion,2005
MASERATI,Granturismo,2009
KIA,Cadenza,2014
PORSCHE,Cayenne,2006
LINCOLN,MKS,2010
KIA,Rio,2010
NISSAN,Pathfinder,2002
ACURA,TSX,2008
TOYOTA,Camry,1995
TOYOTA,Camry,2003
FORD,Expedition,2009
CADILLAC,SRX,2011
LINCOLN,MKZ,2007
ACURA,RDX,2021
BMW,328xi,2008
CHEVROLET,Tahoe,2006
JAGUAR,XK,2005
KIA,Seltos,2021
CHEVROLET,Express,2009
ACURA,MDX,2004
TOYOTA,Celica,2001
GMC,Sierra,1997
FORD,F-150,1992
BMW,Z4,2005
MITSUBISHI,Eclipse,2009
MERCEDES-BENZ,CL-Class,2008
PORSCHE,Cayenne,2009
INFINITI,FX35,2007
HYUNDAI,Elantra,2006
MAZDA,CX-7,2011
LINCOLN,Navigator,2008
BMW,X5,2007
MASERATI,Granturismo,2011
SUBARU,Forester,2008
TOYOTA,Yaris,2009
HONDA,Accord,1996
INFINITI,M35,2007
CHRYSLER,300,2009
CHRYSLER,300,2008
SUBARU,Ascent,2020
LINCOLN,MKS,2014
TOYOTA,Sequoia,2013
JAGUAR,XJ,2011
VOLKSWAGEN,EuroVan,1995
BMW,X3,2011
HYUNDAI,Accent,2003
AUDI,A5,2010
TOYOTA,Pick-Up,1992
NISSAN,Rogue,2009
HONDA,Pilot,2004
VOLKSWAGEN,Passat,2009
INFINITI,I35,2004
GMC,Canyon,2005
VOLKSWAGEN,CC,2016
MERCEDES-BENZ,S-Class,2008
FORD,E-250,2007
TOYOTA,Highlander,2021
MERCEDES-BENZ,CL-Class,2010
NISSAN,NV200,2019
TOYOTA,Camry,1998
MITSUBISHI,Galant,2012
BMW,330e,2016
DODGE,Charger,2009
HONDA,CR-V,2005
SATURN,Ion,2004
CHRYSLER,Crossfire,2004
FORD,F-250,1995
VOLKSWAGEN,Beetle,2002
BMW,528xi,2012
HONDA,S2000,2001
LAND-ROVER,Discovery,2017
NISSAN,NV200,2020
NISSAN,Xterra,2005
NISSAN,Xterra,2007
AUDI,TT,2009
CHRYSLER,300C,2008
CHRYSLER,300,2006
PONTIAC,GTO,2005
NISSAN,300ZX,1988
NISSAN,Quest,2011
VOLKSWAGEN,Golf,2012
MERCURY,Villager,2001
VOLKSWAGEN,Arteon,2020
VOLKSWAGEN,Tiguan,2014
HYUNDAI,Tucson,2012
CHEVROLET,Malibu,2004
VOLVO,XC40,2020
TOYOTA,86,2017
CHEVROLET,Trailblazer,2008
TOYOTA,Corolla,2004
LEXUS,ES,2016
VOLKSWAGEN,Touareg,2016
BMW,530i,2002
CADILLAC,Allante,1989
FORD,F-250,1997
MERCEDES-BENZ,E-Class,1996
MERCEDES-BENZ,E-Class,2004
DODGE,Durango,2001
MERCEDES-BENZ,CL-Class,2001
VOLVO,V60,2016
KIA,Cadenza,2018
MERCEDES-BENZ,SL-Class,2000
VOLKSWAGEN,Vanagon,1991
HONDA,Accord,1995
TOYOTA,Prius,2003
TOYOTA,Sequoia,2004
VOLKSWAGEN,Jetta,2000
MERCURY,Milan,2008
MERCEDES-BENZ,Metris,2019
BMW,M6,2008
LEXUS,RX,1999
SUBARU,BRZ,2017
SATURN,Sky,2008
MITSUBISHI,i-MiEV,2012
LEXUS,IS,2002
BMW,550i,2013
SUBARU,Outback,2009
VOLVO,V60,2020
LEXUS,GX,2005
VOLKSWAGEN,Beetle,2008
NISSAN,Versa,2009
NISSAN,Versa,2010
MAZDA,MX-5,2010
SUBARU,Legacy,1998
NISSAN,Pathfinder,1993
MERCEDES-BENZ,SLK-Class,2013
NISSAN,370Z,2016
JEEP,Cherokee,1991
BMW,135i,2009
KIA,Rio,2019
FORD,Expedition,2010
NISSAN,Murano,2007
FORD,Explorer,2006
SUBARU,Impreza,2002
LINCOLN,Navigator,2003
CHEVROLET,Aveo,2004
GMC,Yukon,2002
VOLVO,C70,2009
VOLVO,S40,2005
TOYOTA,Avalon,2003
MAZDA,Mazda6,2004
KIA,Rio,2003
NISSAN,Juke,2017
AUDI,S5,2012
HYUNDAI,Accent,2006
FORD,Expedition,1998
SUBARU,BRZ,2014
MERCURY,Mountaineer,2007
HONDA,Accord,1992
NISSAN,Quest,2013
BMW,X5,2019
MAZDA,Mazda2,2011
SATURN,Aura,2007
SATURN,SC2,2001
BMW,i3,2014
TOYOTA,Sienna,2002
TOYOTA,MR2,2001
CHEVROLET,Traverse,2010
MITSUBISHI,Lancer,2010
VOLKSWAGEN,Passat,2005
SUBARU,Legacy,1999
MAZDA,MPV,2005
MAZDA,B-Series,1998
FORD,Edge,2010
GMC,Safari,2003
FORD,Aerostar,1997
CADILLAC,CTS,2003
LINCOLN,MKZ,2016
AUDI,A8,1997
CHEVROLET,Suburban,1986
VOLVO,C30,2011
JEEP,CJ-7,1983
LEXUS,GX,2020
BMW,330i,2021
PORSCHE,Cayenne,2020
JAGUAR,XJ6,1982
NISSAN,Versa,2007
VOLKSWAGEN,Vanagon,1989
FORD,Explorer,1998
MITSUBISHI,Eclipse,2002
HONDA,Passport,2020
VOLKSWAGEN,EuroVan,2000
CHEVROLET,Impala,2020
FORD,F-250,1994
FORD,Excursion,2002
NISSAN,Armada,2018
TOYOTA,Tundra,2009
CHEVROLET,Tracker,2003
HONDA,Civic,1997
SAAB,9-3,2000
VOLVO,V60,2018
PORSCHE,Cayman,2006
BMW,540i,1998
HONDA,CR-Z,2013
TOYOTA,4-Runner,1988
NISSAN,Leaf,2016
BMW,Z3,1999
PORSCHE,Panamera,2011
BMW,230i,2019
NISSAN,NV200,2014
TOYOTA,Corolla,2001
VOLKSWAGEN,GTI,2011
JEEP,Patriot,2011
LEXUS,LX,2002
LEXUS,ES,2021
AUDI,A4,2007
TOYOTA,Avalon,2007
VOLVO,XC90,2009
PORSCHE,Boxster,2002
ACURA,TL,2004
PORSCHE,Macan,2019
MAZDA,CX-9,2015
AUDI,S7,2018
MINI,Clubman,2014
CHEVROLET,Volt,2019
MERCEDES-BENZ,GLE-Class,2020
PORSCHE,911,2003
VOLKSWAGEN,GTI,2006
LEXUS,LX,2001
SMART,Fortwo,2009
FORD,Mustang,1987
CHEVROLET,Volt,2015
BMW,X3,2008
BMW,740i,2014
MERCEDES-BENZ,C-Class,2000
AUDI,SQ5,2015
TOYOTA,4-Runner,1994
MASERATI,Quattroporte,2017
BMW,M340i,2021
BMW,X3,2021
PORSCHE,911,2010
JAGUAR,XK,2010
AUDI,Q3,2015
MERCEDES-BENZ,M-Class,1998
MAZDA,MX-5,2002
MASERATI,Ghibli,2015
AUDI,Q3,2020
KIA,Cadenza,2017
BMW,530i,2006
KIA,Cadenza,2019
FORD,Escape,2003
FORD,Mustang,2003
BMW,228i,2015
MERCEDES-BENZ,E-Class,2019
PORSCHE,Panamera,2018
NISSAN,Armada,2014
CHEVROLET,Express,2003
BMW,M4,2020
HYUNDAI,Accent,2004
NISSAN,Altima,2009
TOYOTA,Mirai,2018
FORD,Flex,2010
JAGUAR,XJ6,1986
LEXUS,ES,2002
JAGUAR,XK8,2004
JAGUAR,XF,2015
TOYOTA,Prius,2020
CHEVROLET,Blazer,2021
NISSAN,Pathfinder,1998
FORD,E-350,2005
GMC,Vandura,1992
JAGUAR,XJ,2014
VOLVO,S40,2010
NISSAN,Versa,2011
KIA,Optima,2010
VOLVO,V70,2001
ACURA,RLX,2019
BMW,328iC,1996
BMW,325xi,2006
SUBARU,Crosstrek,2021
CHEVROLET,Corvette,2009
TOYOTA,Tundra,2001
CHEVROLET,Suburban,1989
CHEVROLET,GMT-400,1998
MERCEDES-BENZ,C-Class,2001
FORD,E-250,2008
VOLKSWAGEN,Jetta,2005
CHEVROLET,Colorado,2011
JAGUAR,XK8,2003
TOYOTA,Pick-Up,1986
LEXUS,IS,2006
LEXUS,SC,2006
CHEVROLET,Express,2017
GMC,Acadia,2009
VOLVO,XC60,2020
MERCEDES-BENZ,GLC-Class,2016
SATURN,SL2,1994
MITSUBISHI,i-MiEV,2014
MINI,Cooper,2002
LEXUS,RX,2001
CADILLAC,CTS,2004
BUICK,Century,1999
BMW,330xi,2006
MERCEDES-BENZ,GL-Class,2016
CHEVROLET,Caprice,1996
SUBARU,BRZ,2013
MAZDA,Mazda5,2013
FORD,Thunderbird,2005
NISSAN,Armada,2008
PETERBILT,388,2015
CHRYSLER,Sebring,2004
AUDI,S3,2017
MERCEDES-BENZ,GLA-Class,2016
MERCEDES-BENZ,E-Class,2001
LINCOLN,Navigator,2017
BMW,M3,2013
LEXUS,RC,2018
TOYOTA,Sienna,2000
TOYOTA,Sienna,2003
DODGE,Magnum,2007
BMW,740i,2019
FORD,Taurus,2012
MITSUBISHI,Eclipse,2012
FORD,E-250,2009
NISSAN,300ZX,1985
MERCEDES-BENZ,300,1990
FORD,F-250,1998
HONDA,Insight,2013
VOLKSWAGEN,Eos,2008
CHEVROLET,Blazer,1999
VOLKSWAGEN,GTI,2009
LEXUS,ES,1997
FORD,Escape,2001
MITSUBISHI,Outlander,2007
DODGE,Durango,2000
VOLKSWAGEN,Golf,1999
MAZDA,CX-7,2007
BMW,530iA,2003
CHEVROLET,Suburban,2003
BMW,750Li,2007
MITSUBISHI,Galant,2011
HONDA,Civic,1993
CHEVROLET,Tahoe,2014
FORD,Mustang,2002
MERCEDES-BENZ,GL-Class,2007
BMW,525i,2006
FORD,Explorer,1995
DODGE,Ramcharger,1987
ACURA,TSX,2004
ACURA,TL,1999
HYUNDAI,Tiburon,2005
FORD,Explorer,2000
PORSCHE,911,2002
INFINITI,I35,2002
GMC,Yukon,1999
BMW,330Ci,2005
FORD,F-450,2014
MAZDA,B-Series,1997
MERCEDES-BENZ,CLK-Class,2009
LINCOLN,MKX,2007
NISSAN,Maxima,2005
HYUNDAI,Veloster,2019
BMW,740i,2015
NISSAN,Pathfinder,2001
KIA,Rondo,2009
PONTIAC,Firebird,1994
SATURN,SC2,1995
BMW,540i,2002
ACURA,NSX,2017
HYUNDAI,Veloster,2020
KIA,Sedona,2005
BMW,X5,2005
MINI,Hardtop,2010
SATURN,Ion,2007
AUDI,A8,2009
SATURN,Aura,2009
MAZDA,B-Series,2001
INFINITI,M35,2006
BUICK,LaCrosse,2010
FORD,Expedition,2000
CHEVROLET,Suburban,2009
ACURA,TLX,2017
NISSAN,300ZX,1990
MAZDA,MX-5,2008
FORD,Expedition,1999
VOLKSWAGEN,EuroVan,1993
PONTIAC,Bonneville,2000
FORD,F-350,1996
CHEVROLET,GMT-400,1999
BUICK,Century,2005
ACURA,RL,1997
BMW,435i,2015
GENESIS,G70,2021
TOYOTA,MR2,1991
SAAB,9000,1998
SUBARU,Forester,2002
TOYOTA,Venza,2015
VOLVO,S60,2004
BMW,330xi,2002
MAZDA,RX-8,2004
BMW,325xi,2004
JAGUAR,XK8,1997
JAGUAR,XE,2020
NISSAN,Quest,2012
LAND-ROVER,LR2,2008
AUDI,A6,2014
VOLVO,XC70,2004
INFINITI,Q50,2019
BMW,325Ci,2004
CADILLAC,Escalade,2017
AUDI,Q7,2010
CHEVROLET,Suburban,2006
CHEVROLET,Camaro,1996
BMW,745Li,2005
MERCEDES-BENZ,E-Class,1997
MAZDA,Protege,2001
OLDSMOBILE,Aurora,2001
MERCEDES-BENZ,560,1991
JEEP,Wrangler,1994
CHEVROLET,GMT-400,1988
BUICK,Century,2000
MAZDA,Protege,2000
MINI,Paceman,2013
NISSAN,Cube,2013
LINCOLN,MKX,2011
CHRYSLER,Crossfire,2007
GMC,Canyon,2012
FORD,Escape,2004
TOYOTA,Avalon,1998
FORD,Bronco,1996
ACURA,RL,2005
FORD,E-350,2007
ACURA,RDX,2007
LAND-ROVER,LR4,2010
SATURN,Ion,2003
AUDI,S4,2012
NISSAN,Frontier,2008
JAGUAR,XK8,2002
GMC,Sonoma,1998
BMW,325iC,1991
HONDA,Pilot,2015
MINI,Countryman,2020
CHEVROLET,Malibu,2010
BUICK,Century,2003
SATURN,SL2,2001
CHEVROLET,Silverado,1999
CHEVROLET,Cavalier,1996
ACURA,RL,2008
AUDI,A6,2001
CHEVROLET,GMT-400,1993
CHEVROLET,Suburban,2000
MITSUBISHI,3000GT,1991
DODGE,Stealth,1992
AUDI,S6,2014
LEXUS,LS,2012
NISSAN,Frontier,2014
FORD,Expedition,2016
FORD,F-150,1995
MAZDA,CX-7,2009
BMW,530xi,2006
BMW,635CSi,1989
VOLVO,S60,2006
CHEVROLET,Blazer,2003
CHEVROLET,Impala,2003
INFINITI,FX45,2006
SUBARU,Forester,2004
ACURA,TL,2009
VOLVO,S80,2010
CADILLAC,CTS,2005
JEEP,Commander,2010
LEXUS,GX,2012
CHEVROLET,Colorado,2008
BMW,335xi,2007
FORD,Bronco,1993
DODGE,Ram,1995
JEEP,Cherokee,2000
CHEVROLET,Corvette,1998
BUICK,Terraza,2006
CHEVROLET,Express,2011
VOLVO,XC90,2005
CHRYSLER,Sebring,2008
HYUNDAI,Azera,2007
AUDI,S4,2007
BMW,550i,2011
TOYOTA,Sequoia,2014
ACURA,RLX,2017
LINCOLN,MKT,2015
VOLVO,XC90,2014
VOLKSWAGEN,Touareg,2006
MAZDA,Mazda6,2011
VOLVO,S80,2005
CHEVROLET,Corvette,1985
CHEVROLET,Blazer,2000
FORD,Explorer,1993
MAZDA,Mazda6,2008
CHEVROLET,Express,2012
INFINITI,G20,2002
VOLVO,XC90,2003
NISSAN,Pathfinder,2003
SUZUKI,XL7,2004
HYUNDAI,XG350,2003
SATURN,Outlook,2008
DODGE,Sprinter,2007
VOLKSWAGEN,Passat,2004
NISSAN,Frontier,2002
DODGE,Dakota,2001
JEEP,Cherokee,1997
SAAB,900,1984
LINCOLN,Nautilus,2020
ACURA,RSX,2003
NISSAN,Maxima,2000
BMW,M3,2015
BMW,330i,2001
CHRYSLER,Pacifica,2006
BUICK,Rendezvous,2004
NISSAN,Pathfinder,2005
MAZDA,Tribute,2004
LINCOLN,Navigator,2004
VOLKSWAGEN,Beetle,2000
AUDI,A4,1999
GMC,Envoy,2006
NISSAN,Murano,2005
JAGUAR,XJ,2009
BMW,535i,2009
MERCEDES-BENZ,C-Class,2006
BMW,760Li,2006
DODGE,Durango,2006
FORD,Freestyle,2005
MERCEDES-BENZ,M-Class,2002
AUDI,A8,2007
DODGE,Dakota,1996
LEXUS,SC,1995
VOLKSWAGEN,Passat,2006
VOLVO,C30,2009
GMC,Suburban,1999
INFINITI,FX35,2006
LAND-ROVER,LR2,2009
HONDA,Ridgeline,2009
AUDI,S6,2013
INFINITI,QX56,2006
HUMMER,H1,1995
CHEVROLET,Express,2005
CADILLAC,Eldorado,1982
BMW,335xi,2008
INFINITI,QX56,2004
VOLKSWAGEN,Touareg,2013
MERCURY,Milan,2009
ACURA,TL,2003
SUBARU,Impreza,1996
SUZUKI,SX4,2011
INFINITI,Q50,2014
BMW,128i,2013
PORSCHE,Panamera,2010
AUDI,A8,2011
DODGE,Dakota,2004
PONTIAC,G6,2006
JAGUAR,XK,2003
HONDA,Insight,2011
AUDI,S4,2008
VOLKSWAGEN,Touareg,2010
VOLKSWAGEN,Passat,2003
MAZDA,Mazda6,2007
INFINITI,FX45,2004
MERCURY,Mountaineer,2006
VOLVO,XC70,2009
LEXUS,LX,2006
LEXUS,GS,2002
LINCOLN,MKX,2012
KIA,Optima,2002
GMC,Sierra,1994
KIA,Rio,2012
SUZUKI,SX4,2007
LAND-ROVER,LR4,2015
MERCURY,Mountaineer,2005
KIA,Rio,2007
TOYOTA,RAV4,1999
TOYOTA,Camry,1989
INFINITI,FX50,2010
GMC,Sierra,1998
VOLVO,S60,2007
CHEVROLET,Colorado,2006
MINI,Paceman,2015
LAND-ROVER,LR2,2012
SUBARU,Forester,2005
LEXUS,GX,2017
VOLVO,XC90,2007
CHEVROLET,Suburban,1988
SUBARU,Forester,2000
FORD,Ranger,1986
BUICK,Lucerne,2006
HONDA,HR-V,2021
INFINITI,QX50,2015
BMW,i3,2019
HYUNDAI,Sonata,2021
HONDA,CR-V,2021
AUDI,A6,2006
TOYOTA,Tacoma,1998
FORD,Bronco,1989
SUBARU,Legacy,1997
MINI,Hardtop,2014
HYUNDAI,Elantra,2021
HONDA,Odyssey,2021
FORD,F-450,2012
CHEVROLET,Corvette,2001
TOYOTA,Tacoma,2000
OLDSMOBILE,Aurora,2002
AUDI,SQ5,2014
CHEVROLET,Camaro,1997
LOTUS,Evora,2012
TOYOTA,Camry,1987
MAZDA,Mazda6,2005
TOYOTA,Highlander,2003
LINCOLN,MKZ,2008
HONDA,Ridgeline,2012
NISSAN,Titan,2007
HYUNDAI,Kona,2018
VOLVO,V70,2004
HONDA,Ridgeline,2006
KIA,Sedona,2006
VOLKSWAGEN,Beetle,1999
FORD,Expedition,2001
FORD,Taurus,1998
NISSAN,Maxima,1997
PONTIAC,Firebird,1983
CHEVROLET,Spark,2017
BUICK,Regal,2014
CHEVROLET,Aveo,2010
ACURA,RL,2003
KIA,Amanti,2005
CHEVROLET,Malibu,2002
CHEVROLET,Impala,2002
CHEVROLET,Equinox,2008
CADILLAC,Escalade,2000
FORD,Freestar,2006
FORD,F-150,1991
BUICK,LaCrosse,2015
FORD,Expedition,2019
CHEVROLET,Express,1999
CADILLAC,SRX,2007
PONTIAC,G6,2007
TOYOTA,Camry,1991
DODGE,Dakota,2008
MERCURY,Mountaineer,2000
TOYOTA,Corolla,1999
GMC,Yukon,2010
CHEVROLET,Malibu,2003
MINI,Hardtop,2009
GMC,Savana,2016
HONDA,Pilot,2019
NISSAN,Xterra,2003
CHEVROLET,Uplander,2005
MITSUBISHI,Outlander,2013
FORD,Expedition,1997
PONTIAC,Torrent,2006
MERCEDES-BENZ,M-Class,2007
ACURA,ZDX,2010
BUICK,Terraza,2005
LINCOLN,Zephyr,2006
MERCURY,Milan,2010
BMW,X3,2010
CHEVROLET,Traverse,2009
BMW,328xi,2007
MERCEDES-BENZ,R-Class,2007
PONTIAC,Firebird,1984
MERCEDES-BENZ,S-Class,2005
TOYOTA,Avalon,2011
VOLKSWAGEN,Golf,2010
VOLVO,C70,2002
SAAB,9-5,2001
AUDI,Q7,2009
INFINITI,EX35,2012
MAZDA,RX-7,1985
AUDI,TTS,2011
VOLVO,XC70,2007
BMW,750Lxi,2010
MITSUBISHI,Eclipse,2001
MERCEDES-BENZ,R-Class,2008
VOLKSWAGEN,GTI,2007
BUICK,LaCrosse,2014
LINCOLN,Navigator,2010
SUZUKI,SX4,2012
DODGE,Stratus,2005
MAZDA,MPV,2003
JEEP,Liberty,2004
PONTIAC,Firebird,1981
MERCURY,Sable,2005
CADILLAC,ATS,2019
GENESIS,G80,2019
CHEVROLET,Impala,2007
DODGE,Journey,2011
CADILLAC,STS,2006
JEEP,Patriot,2013
NISSAN,NV,2015
AUDI,TT,2000
VOLVO,XC70,2011
BMW,Z3,2001
FORD,F-350,2010
LEXUS,IS,2017
DODGE,Magnum,2008
AUDI,S4,2013
BMW,M3,2010
PONTIAC,Solstice,2007
BMW,750Li,2009
BMW,540i,2019
JEEP,Liberty,2010
INFINITI,QX80,2014
KIA,Amanti,2006
FORD,E-150,2014
MASERATI,Quattroporte,2015
DODGE,Caliber,2008
JAGUAR,XF,2016
DODGE,Caliber,2012
DODGE,Journey,2012
LEXUS,LS,2017
FORD,Mustang,1992
DODGE,Caravan,2004
BMW,530e,2020
INFINITI,QX56,2010
CHEVROLET,Corvette,1990
ACURA,TL,2011
CADILLAC,STS,2009
HYUNDAI,Azera,2008
SUBARU,Legacy,2000
VOLVO,V50,2009
HYUNDAI,Veracruz,2012
MAZDA,Mazda6,2013
JAGUAR,F-TYPE,2017
LINCOLN,MKZ,2009
FORD,E-350,2001
MINI,Clubman,2012
CADILLAC,Seville,1987
NISSAN,Maxima,2011
AUDI,S5,2016
SAAB,9-3,2011
NISSAN,Juke,2015
VOLVO,V60CC,2017
HYUNDAI,Veracruz,2009
VOLVO,XC70,2010
MERCEDES-BENZ,SL-Class,1994
CHEVROLET,Express,2000
CADILLAC,DTS,2009
BMW,640xi,2018
CHRYSLER,Sebring,2006
KIA,Sedona,2008
PORSCHE,Panamera,2013
VOLKSWAGEN,Beetle,2003
MINI,Clubman,2010
TOYOTA,RAV4,2003
BUICK,Encore,2017
GMC,Savana,2008
SUBARU,Legacy,1992
HONDA,S2000,2008
VOLKSWAGEN,Eos,2011
HUMMER,H3,2010
HONDA,Fit,2007
BMW,325i,2002
HONDA,Odyssey,2000
FORD,E-150,2003
AUDI,A8,2016
MITSUBISHI,Montero,2005
JEEP,Compass,2010
VOLVO,XC70,2015
AUDI,A5,2017
MERCEDES-BENZ,CLS-Class,2008
MASERATI,Quattroporte,2014
BMW,X2,2020
CADILLAC,SRX,2009
CHEVROLET,Impala,2004
SATURN,Outlook,2007
SAAB,9-5,2004
INFINITI,Q70,2014
MERCEDES-BENZ,E-Class,2002
MERCEDES-BENZ,S-Class,2003
HYUNDAI,Equus,2012
MITSUBISHI,Endeavor,2005
MERCURY,Sable,1997
TOYOTA,Yaris,2011
VOLVO,XC60,2011
KIA,Sportage,2008
CADILLAC,Deville,2002
PONTIAC,G6,2009
VOLKSWAGEN,e-Golf,2015
HONDA,S2000,2007
INFINITI,M35,2008
NISSAN,370Z,2013
GMC,Terrain,2011
CHEVROLET,GMT-400,2000
DODGE,Stratus,2006
CHEVROLET,Impala,2005
BMW,750Li,2008
BMW,640i,2017
NISSAN,Frontier,2003
TOYOTA,Corolla,1998
VOLKSWAGEN,Eos,2007
MERCURY,Sable,2003
NISSAN,Armada,2009
TOYOTA,4-Runner,2009
VOLVO,S80,2013
ACURA,TL,2005
LINCOLN,Navigator,2007
LINCOLN,Continental,1998
BUICK,LaCrosse,2016
FORD,Expedition,2018
HONDA,Element,2010
FORD,E-350,2011
BMW,530i,2005
ACURA,RL,2011
FORD,C-Max,2015
MASERATI,Granturismo,2010
PONTIAC,G8,2009
BMW,325iC,1994
GMC,Savana,2009
BMW,745Li,2003
HONDA,Civic,1998
DODGE,Durango,2016
KIA,Sorento,2006
GMC,Terrain,2010
VOLVO,S60,2003
JEEP,CJ-7,1982
VOLKSWAGEN,Passat,2008
PONTIAC,G8,2008
CHEVROLET,Tahoe,1997
DODGE,Neon,2000
CHEVROLET,Cavalier,1997
SAAB,9-5,2010
OLDSMOBILE,Achieva,1994
NISSAN,NV,2014
CADILLAC,Deville,2003
BMW,Z4,2009
ISUZU,Ascender,2004
CHEVROLET,Aveo,2007
HYUNDAI,Sonata,2005
CADILLAC,Seville,2004
JEEP,Cherokee,1999
DODGE,Durango,2002
HYUNDAI,Accent,2009
LINCOLN,Navigator,2016
CHEVROLET,Malibu,2009
JAGUAR,XK,2012
NISSAN,NV,2020
AUDI,A7,2015
KIA,Sportage,2000
DODGE,Dakota,2010
BMW,i8,2017
NISSAN,GT-R,2013
INFINITI,FX35,2004
INFINITI,QX70,2014
BMW,335i,2014
MAZDA,CX-9,2014
BMW,535i,2008
CHRYSLER,200,2017
VOLVO,C30,2010
CADILLAC,Deville,2000
CHEVROLET,Cavalier,2004
BMW,750i,2009
AUDI,S3,2019
LINCOLN,Navigator,2018
MASERATI,Granturismo,2014
HYUNDAI,Equus,2015
BMW,435i,2014
CHEVROLET,Impala,2001
BENTLEY,Arnage,2005
BMW,325Ci,2006
KIA,Rio,2006
LINCOLN,MKT,2014
VOLVO,S60,2011
DODGE,Journey,2010
BMW,M6,2017
BMW,325Ci,2003
AUDI,Q7,2021
FORD,E-350,2014
HYUNDAI,XG350,2002
CADILLAC,Seville,1999
PONTIAC,Vibe,2008
PORSCHE,911,2009
SATURN,Ion,2006
PONTIAC,Firebird,1997
CHEVROLET,Corvette,1992
CADILLAC,Eldorado,1984
AUDI,SQ5,2017
CADILLAC,SRX,2005
AUDI,A6,2005
LINCOLN,MKX,2015
VOLVO,V70,2009
PORSCHE,Cayman,2016
AUDI,S4,2020
HUMMER,H1,1996
LINCOLN,MKZ,2010
BUICK,LaCrosse,2018
INFINITI,Q70,2018
FORD,E-350,2006
BMW,640i,2015
PONTIAC,G5,2008
FORD,E-350,2010
CHRYSLER,300,2011
VOLKSWAGEN,Eos,2012
AUDI,A8,2012
LEXUS,CT,2017
LEXUS,SC,1993
JEEP,Cherokee,1993
AUDI,A5,2011
LEXUS,GS,2020
VOLKSWAGEN,Eos,2009
GENESIS,G90,2019
AUDI,A7,2017
PLYMOUTH,Prowler,2000
MINI,Clubman,2013
BUICK,Lucerne,2008
SATURN,Astra,2008
NISSAN,370Z,2017
LINCOLN,MKC,2016
AUDI,A7,2018
CADILLAC,Deville,2005
MERCEDES-BENZ,S-Class,2011
CHRYSLER,300C,2010
BUICK,Enclave,2019
VOLKSWAGEN,Touareg,2008
VOLKSWAGEN,Routan,2012
BMW,745Li,2004
AUDI,A6,2011
BMW,M5,2000
CHEVROLET,Corvette,1986
PONTIAC,Montana,1999
MITSUBISHI,Galant,2008
BMW,750Li,2010
NISSAN,370Z,2011
VOLKSWAGEN,Passat,2011
BMW,Z4,2016
LINCOLN,Navigator,2006
DODGE,Avenger,2008
PORSCHE,911,1995
SATURN,SL1,2002
AUDI,A5,2014
CADILLAC,Deville,2001
MASERATI,Quattroporte,2016
VOLKSWAGEN,Golf,2003
FORD,F-450,2015
GMC,GMT-400,1988
PORSCHE,Panamera,2015
PORSCHE,Panamera,2012
DODGE,Dakota,1995
PETERBILT,389,2012
DODGE,Nitro,2009
MAZDA,MPV,2006
NISSAN,Xterra,2002
HONDA,Accord,1993
CHEVROLET,Equinox,2009
SATURN,LS2,2002
OLDSMOBILE,Silhouette,1995
CHRYSLER,Sebring,2000
PONTIAC,Firebird,2000
BMW,330i,2019
MERCURY,Sable,2002
LINCOLN,Mark,1995
TOYOTA,Corolla,1985
PONTIAC,Aztek,2004
MERCEDES-BENZ,C-Class,1997
CHEVROLET,Corvette,1994
CHRYSLER,300,2010
TOYOTA,Tercel,1997
JAGUAR,X-Type,2004
NISSAN,300ZX,1995
HYUNDAI,Tiburon,2007
GMC,Sonoma,1997
LEXUS,SC,2007
HYUNDAI,Accent,2008
ACURA,CL,2003
DODGE,Avenger,2010
TOYOTA,Sienna,1999
PONTIAC,Vibe,2004
GMC,Savana,2014
FORD,Expedition,2006
MAZDA,MX-5,2009
VOLVO,XC70,2005
FORD,Focus,2001
JAGUAR,XJ,2004
BMW,135i,2008
NISSAN,370Z,2009
CADILLAC,Deville,1999
MITSUBISHI,Outlander,2005
HYUNDAI,Azera,2006
BUICK,Rendezvous,2006
KIA,Sorento,2009
NISSAN,350Z,2006
BMW,750iL,1988
PLYMOUTH,Prowler,1999
CADILLAC,Brougham,1991
HONDA,Civic,1983
DODGE,Charger,2006
DODGE,Ram,1996
DODGE,Dakota,1989
FORD,Thunderbird,2003
MERCEDES-BENZ,300,1984
BUICK,Regal,2019
AUDI,S4,2006
LINCOLN,MKS,2011
DODGE,Caliber,2009
FORD,F-450,2018
BUICK,Regal,2012
ACURA,MDX,2002
JAGUAR,XJ,2013
LEXUS,RX,2014
HONDA,Passport,1996
CHRYSLER,Sebring,2009
ACURA,CL,2001
MASERATI,Quattroporte,2013
MAZDA,B-Series,2005
LEXUS,GX,2011
VOLKSWAGEN,Routan,2009
SAAB,9-3,2005
HYUNDAI,Accent,2011
MERCEDES-BENZ,CLK-Class,2004
LAND-ROVER,LR3,2006
BENTLEY,Continental,2013
BMW,M4,2019
INFINITI,FX50,2011
JAGUAR,XJ,2005
SAAB,9-3,1999
INFINITI,QX70,2016
BMW,550i,2015
BENTLEY,Continental,2014
AUDI,A8,2018
FORD,E-250,2002
BMW,530i,2001
ASTON-MARTIN,DB9,2008
PONTIAC,Firebird,2001
NISSAN,Quest,2005
MITSUBISHI,Galant,2007
FORD,Ecosport,2020
LINCOLN,MKT,2013
PORSCHE,924,1985
SAAB,9-5,2005
MERCURY,Mountaineer,2008
MERCURY,Sable,2008
VOLVO,S80,2006
AUDI,A3,2006
MERCEDES-BENZ,SL-Class,2002
BUICK,Riviera,1983
SATURN,SL2,2002
VOLKSWAGEN,Touareg,2005
MERCEDES-BENZ,380,1981
BMW,330Ci,2003
CHRYSLER,300,2003
FORD,E-150,2010
MERCEDES-BENZ,560,1990
HYUNDAI,Tucson,2007
BUICK,Lucerne,2010
FORD,E-150,2002
PORSCHE,911,2007
ACURA,NSX,2005
CHEVROLET,Camaro,1995
PETERBILT,379,1999
FORD,Mustang,1990
HONDA,Civic,1995
KIA,Sedona,2010
HYUNDAI,Tucson,2008
CADILLAC,XLR,2004
MERCEDES-BENZ,420,1990
MERCEDES-BENZ,GLS-Class,2020
MITSUBISHI,Galant,2005
VOLKSWAGEN,Routan,2011
TOYOTA,Camry,1994
MAZDA,B-Series,2006
MERCURY,Mountaineer,2002
KIA,Optima,2008
MITSUBISHI,Galant,1999
FORD,Mustang,1995
MAZDA,MX-5,2004
MERCEDES-BENZ,380,1982
HONDA,Ridgeline,2011
ACURA,Integra,1999
FORD,Mustang,1994
LINCOLN,Navigator,2012
INFINITI,QX56,2009
JAGUAR,X-Type,2003
FORD,F-350,1992
BMW,M550i,2019
MAZDA,Tribute,2002
LEXUS,GX,2010
NISSAN,Quest,2016
MITSUBISHI,Outlander,2014
MITSUBISHI,Mirage,2019
PONTIAC,Torrent,2007
FORD,Mustang,1991
LINCOLN,MKX,2008
MERCEDES-BENZ,SL-Class,1995
BMW,650i,2014
BMW,M4,2016
HYUNDAI,Entourage,2007
ASTON-MARTIN,Vanquish,2014
CHEVROLET,Trailblazer,2009
FORD,Mustang,1988
CHEVROLET,Suburban,1998
MITSUBISHI,Outlander,2009
LEXUS,GS,2019
CHEVROLET,Malibu,2001
LAND-ROVER,LR2,2011
CHEVROLET,Lumina,1997
INFINITI,M45,2007
CADILLAC,Escalade,2018
TOYOTA,Pick-Up,1995
MERCEDES-BENZ,R-Class,2011
MITSUBISHI,Eclipse,2006
MAZDA,Protege,2002
MERCURY,Mariner,2005
MAZDA,Tribute,2010
CHEVROLET,Venture,2003
VOLVO,S60,2008
VOLVO,V70,2008
ACURA,TSX,2009
DODGE,Viper,2005
HONDA,CR-Z,2011
NISSAN,Rogue,2021
LINCOLN,MKS,2012
ACURA,RDX,2008
HUMMER,H3,2009
MAZDA,RX-8,2010
LEXUS,HS,2011
NISSAN,Maxima,2002
LINCOLN,MKT,2011
FORD,F-150,1996
MITSUBISHI,Outlander,2003
MAZDA,MX-5,1993
MERCEDES-BENZ,SLK-Class,1998
VOLKSWAGEN,Routan,2010
NISSAN,300ZX,1994
LINCOLN,MKX,2009
NISSAN,Maxima,2008
ACURA,RSX,2004
NISSAN,Sentra,1996
BUICK,Century,2004
INFINITI,Q70L,2019
JAGUAR,XF,2020
JEEP,Wrangler,1987
FORD,Mustang,1986
HONDA,Passport,1999
HONDA,CR-V,2001
MITSUBISHI,Outlander,2004
KIA,Niro,2020
KIA,Sorento,2021
KIA,Niro,2021
MINI,Hardtop,2021
MAZDA,MX-5,2015
LEXUS,LX,2017
BMW,M4,2018
NISSAN,GT-R,2018
KIA,Cadenza,2020
FIAT,500X,2018
BMW,540i,2020
KIA,Sedona,2018
LEXUS,GX,2009
MINI,Clubman,2019
FORD,Taurus,1997
AUDI,S5,2008
LEXUS,LS,2020
PORSCHE,Cayenne,2005
MERCEDES-BENZ,Sprinter,2011
MERCEDES-BENZ,GLC-Class,2021
MERCEDES-BENZ,GLA-Class,2021
BMW,230i,2018
TOYOTA,Avalon,1996
AUDI,S4,2019
AUDI,e-tron,2021
MERCEDES-BENZ,Metris,2016
BMW,850i,2019
VOLKSWAGEN,Beetle,2010
BMW,X5,2020
HONDA,Civic,2021
AUDI,S6,2016
KIA,Rio,2021
GMC,Canyon,2019
KIA,Sportage,2021
PORSCHE,911,2013
NISSAN,Leaf,2017
NISSAN,Cube,2011
JAGUAR,XF,2009
MAZDA,B-Series,1994
FORD,E-350,2004
HYUNDAI,Tucson,2009
KIA,Stinger,2021
KIA,Sedona,2020
FORD,Fusion,2008
MERCURY,Sable,2004
MAZDA,CX-9,2007
CHEVROLET,Tahoe,2000
DODGE,Ramcharger,1988
NISSAN,Pickup,1985
TOYOTA,Yaris,2013
NISSAN,Pathfinder,2006
FIAT,500L,2018
GMC,Caballero,1981
TOYOTA,4-Runner,2021
PONTIAC,Vibe,2003
BUICK,Verano,2013
SUZUKI,Vitara,1999
LINCOLN,Navigator,2019
GMC,Yukon,2001
HONDA,Insight,2012
MAZDA,Mazda5,2014
BUICK,LeSabre,2005
MERCEDES-BENZ,G-Class,2011
VOLVO,V50,2008
PORSCHE,Boxster,1997
HONDA,CR-Z,2012
DODGE,Neon,2001
SATURN,SL2,1993
SUZUKI,SX4,2009
FORD,F-150,1988
CHEVROLET,Equinox,2007
OLDSMOBILE,Bravada,2001
FORD,Taurus,1995
GMC,Suburban,1993
HONDA,Accord,2001
DODGE,Durango,2021
TOYOTA,Camry,1997
DODGE,Dakota,2009
TOYOTA,Venza,2021
GMC,Yukon,2000
BUICK,LeSabre,2001
BMW,M3,2003
BMW,M3,2004
HYUNDAI,Elantra,2003
BMW,M3,1997
CADILLAC,Seville,2002
GMC,Sierra,1993
HONDA,Prelude,2001
BUICK,Regal,2011
BMW,M3Ci,2004
BUICK,Riviera,1996
BUICK,LeSabre,1994
AUDI,S8,2020
NISSAN,350Z,2009
HONDA,Civic,1996
CHEVROLET,Camaro,1982
HONDA,Pilot,2021
CHEVROLET,Tahoe,2001
GMC,Suburban,1996
VOLKSWAGEN,Passat,2002
AUDI,S6,2007
GMC,Safari,1997
LINCOLN,Navigator,2000
PORSCHE,Boxster,2001
FORD,Mustang,1989
INFINITI,EX35,2009
GMC,Sierra,2000
MITSUBISHI,Lancer,2005
GMC,Savana,2007
MITSUBISHI,Galant,2000
BUICK,Envision,2016
VOLKSWAGEN,Atlas,2021
MERCURY,Mariner,2007
GMC,Suburban,1994
MAZDA,Tribute,2001
SUZUKI,Reno,2006
FORD,E-250,2000
CHEVROLET,Suburban,1997
FORD,F-250,1985
HYUNDAI,Veracruz,2008
SUZUKI,XL7,2007
INFINITI,Q70L,2018
FORD,Ranger,1996
SUZUKI,Vitara,2000
PONTIAC,Sunfire,2001
SATURN,SL2,1997
SUZUKI,Kizashi,2011
PORSCHE,911,2020
TOYOTA,Avalon,1997
FORD,Taurus,1999
VOLKSWAGEN,Touareg,2014
LAND-ROVER,Discovery,2020
CHEVROLET,Tahoe,1995
FORD,F-250,1991
CHEVROLET,Colorado,2004
GMC,Acadia,2007
CHEVROLET,GMT-400,1995
DODGE,Dakota,2002
TOYOTA,RAV4,2000
JEEP,Patriot,2008
CADILLAC,Seville,2001
LEXUS,ES,1998
MAZDA,Tribute,2005
CHEVROLET,Aveo,2009
AUDI,S6,2008
CADILLAC,Eldorado,1985
JAGUAR,XJR,2003
SATURN,Vue,2009
BUICK,Rendezvous,2005
FORD,Thunderbird,1995
MAZDA,Mazda5,2006
BMW,740iL,1998
PORSCHE,Cayman,2009
GMC,Safari,1996
FORD,ZX2,2002
KIA,Spectra,2007
KIA,Rondo,2008
JEEP,Commander,2009
SUZUKI,Kizashi,2013
BMW,528xi,2008
MERCEDES-BENZ,S-Class,1998
CHEVROLET,Express,2002
FORD,E-250,2003
PONTIAC,Firebird,1993
PORSCHE,911,1996
PORSCHE,911,1997
BUICK,Reatta,1989
LEXUS,LS,1990
LINCOLN,Mark,1998
MAZDA,Mazda3,2005
AUDI,S5,2017
MERCURY,Mountaineer,2010
SAAB,9-3,2010
GMC,Envoy,2008
TOYOTA,Celica,1990
DODGE,Neon,2004
HYUNDAI,Veracruz,2010
BMW,X5,2002
LINCOLN,MKX,2014
SATURN,Outlook,2009
JEEP,Cherokee,1998
CHEVROLET,Caprice,1994
GMC,Envoy,2005
MERCEDES-BENZ,M-Class,2003
SATURN,Vue,2003
VOLKSWAGEN,GTI,2003
CHRYSLER,Pacifica,2004
CHEVROLET,Camaro,2001
PONTIAC,Bonneville,2005
CADILLAC,Eldorado,2000
CHEVROLET,Blazer,1996
CHEVROLET,Aveo,2005
FORD,Ranger,1997
CHEVROLET,GMT-400,1994
NISSAN,Murano,2004
BMW,X7,2019
MERCEDES-BENZ,SLK-Class,2000
JAGUAR,XJ8,2001
SAAB,9-3,2006
SAAB,9-7X,2006
CHEVROLET,SS,2014
NISSAN,Sentra,2004
CHRYSLER,Pacifica,2007
DODGE,Ram,1997
GMC,Savana,2020
KIA,Optima,2009
PONTIAC,Firebird,1999
BMW,525xi,2006
FORD,ZX2,2000
BMW,M3,1999
MAZDA,Tribute,2008
MERCEDES-BENZ,CLK-Class,2001
BMW,325xi,2003
MERCEDES-BENZ,420,1991
MERCEDES-BENZ,S-Class,1994
BMW,750i,2007
CHRYSLER,300C,2005
SATURN,LS2,2000
MERCURY,Sable,2009
MINI,Clubman,2020
LOTUS,Elan,1991
BUICK,Reatta,1990
FORD,LTD,1984
DODGE,D-Series,1988
MERCURY,Cougar,1994
BMW,325i,1995
MERCEDES-BENZ,E-Class,1998
FORD,E-350,2012
LAND-ROVER,Freelander,2002
HYUNDAI,Entourage,2008
VOLKSWAGEN,Eos,2010
VOLVO,V50,2006
ACURA,RDX,2009
LEXUS,IS,2001
FORD,Freestyle,2007
TOYOTA,MR2,2000
SUZUKI,SX4,2008
MERCEDES-BENZ,S-Class,1997
MAZDA,Mazda3,2004
PORSCHE,Cayenne,2004
MERCEDES-BENZ,R-Class,2009
BMW,325i,2001
PONTIAC,Vibe,2005
JAGUAR,XK,2013
HYUNDAI,Sonata,2003
OLDSMOBILE,Alero,2001
FORD,Explorer,2021
BMW,528i,1998
JAGUAR,F-TYPE,2018
MITSUBISHI,Endeavor,2007
CHEVROLET,Express,2001
TOYOTA,Avalon,2001
MITSUBISHI,Outlander,2010
MITSUBISHI,Eclipse,2008
TOYOTA,Avalon,2010
TOYOTA,Pick-Up,1983
BUICK,Regal,1992
FORD,Ranger,1999
FORD,Windstar,1998
MCLAREN,570GT,2017
MITSUBISHI,Galant,1989
MERCEDES-BENZ,SLK-Class,1999
NISSAN,Versa,2021
CHEVROLET,Spark,2021
JAGUAR,X-Type,2005
KIA,Sportage,2010
DODGE,Dakota,1997
KIA,Sorento,2020
CHEVROLET,Volt,2011
MERCURY,Cougar,1997
LINCOLN,Corsair,2021
MAZDA,626,2002
OLDSMOBILE,Regency,1999
SAAB,9-5,2011
MERCURY,Monterey,2005
MERCEDES-BENZ,M-Class,1999
LINCOLN,LS,2005
FORD,Taurus,2000
HYUNDAI,Elantra,2004
NISSAN,NV,2018
LINCOLN,MKS,2016
FORD,Windstar,2001
HYUNDAI,Tiburon,2004
KIA,Rondo,2007
CHRYSLER,300C,2009
CADILLAC,Allante,1988
BMW,740iL,1995
VOLKSWAGEN,Rabbit,2009
SATURN,SC2,2002
CHEVROLET,Blazer,1987
PETERBILT,386,2012
CHEVROLET,Suburban,1992
NISSAN,Maxima,2003
CHEVROLET,Blazer,1998
AUDI,TT,2016
BMW,760Li,2010
BMW,M5,2007
KIA,Sportage,2007
TOYOTA,RAV4,1998
HYUNDAI,Genesis,2010
TOYOTA,Avalon,2004
TOYOTA,Echo,2005
DODGE,Intrepid,1997
OLDSMOBILE,Silhouette,2003
SATURN,Relay,2005
FORD,Windstar,2002
MERCEDES-BENZ,R-Class,2010
CHRYSLER,Concorde,1997
OLDSMOBILE,Bravada,2002
CHEVROLET,Camaro,1987
MERCURY,Milan,2007
DODGE,Magnum,2005
GMC,Sierra,1991
GMC,Canyon,2006
PONTIAC,Fiero,1984
GMC,Sonoma,2001
BMW,650i,2008
BMW,X6,2010
MERCEDES-BENZ,G-Class,2015
CHEVROLET,Corvette,1988
JAGUAR,XK,2007
GMC,Sierra,1999
MITSUBISHI,Eclipse,2011
FORD,F-250,1986
DODGE,Neon,2002
TOYOTA,Venza,2012
JEEP,CJ-5,1983
JEEP,Patriot,2007
SUBARU,Legacy,2007
PONTIAC,Firebird,1996
GMC,Sonoma,2002
DODGE,W-Series,1991
FORD,F-150,1990
MERCURY,Villager,2000
LEXUS,LC,2021
BMW,645Ci,2004
CHRYSLER,Concorde,2004
HYUNDAI,Azera,2012
MERCEDES-BENZ,S-Class,2004
FORD,Mustang,2000
ACURA,RSX,2006
CHEVROLET,Camaro,2021
CHEVROLET,Camaro,1990
GMC,Canyon,2008
LINCOLN,MKS,2015
DODGE,Viper,2001
MERCURY,Sable,1999
CHEVROLET,Camaro,2000
PONTIAC,GTO,2004
SUZUKI,Forenza,2006
HYUNDAI,Azera,2011
FORD,Mustang,1996
MERCEDES-BENZ,G-Class,2003
LEXUS,SC,2005
PONTIAC,Sunfire,2004
HONDA,Odyssey,2001
CHEVROLET,SS,2016
AUDI,Q3,2019
BMW,X5,2000
CHRYSLER,TC,1989
ALFA-ROMEO,Spider,1988
CHEVROLET,Lumina,2001
CHRYSLER,TC,1991
MASERATI,Quattroporte,2009
SATURN,SL2,1996
NISSAN,Quest,1998
FORD,Contour,1999
CHEVROLET,Corvette,1997
TOYOTA,Pick-Up,1994
PORSCHE,Macan,2020
GMC,Caballero,1983
GMC,Canyon,2010
DODGE,Caravan,1994
ACURA,Legend,1995
SATURN,SC1,2001
HONDA,Prelude,1999
NISSAN,Cube,2012
CHEVROLET,GMT-400,1992
AUDI,S4,2011
MERCEDES-BENZ,SLK-Class,2004
TOYOTA,Corolla,2002
MERCEDES-BENZ,SLK-Class,2008
GMC,Savana,2013
MAZDA,Mazda3,2020
AUDI,S7,2013
LINCOLN,Continental,2001
AUDI,R8,2009
ASTON-MARTIN,Rapide,2014
VOLKSWAGEN,Golf,2016
AUDI,TT,2011
MASERATI,Granturismo,2013
LOTUS,Evora,2014
MERCEDES-BENZ,SL-Class,2018
ROLLS-ROYCE,Phantom,2004
MITSUBISHI,Eclipse,1998
GMC,Canyon,2011
PORSCHE,924,1988
NISSAN,Versa,2013
DODGE,Viper,2006
MERCEDES-BENZ,E-Class,2000
JAGUAR,XK8,2000
NISSAN,Xterra,2009
VOLVO,S80,2015
ALFA-ROMEO,164,1991
AUDI,S8,2015
MERCEDES-BENZ,Sprinter,2019
DODGE,Charger,2021
SUBARU,Impreza,2004
AUDI,A4,2005
LAND-ROVER,Freelander,2003
AUDI,A6,2009
PONTIAC,Sunfire,2003
INFINITI,M35,2010
MERCURY,Sable,2000
BMW,328d,2016
CADILLAC,STS,2007
TOYOTA,Highlander,2001
LEXUS,GS,2000
BMW,740i,2001
CADILLAC,STS,2005
VOLKSWAGEN,Touareg,2015
SUZUKI,Forenza,2005
JEEP,Wrangler,1988
FORD,Thunderbird,1988
ACURA,CL,1999
VOLVO,V70,1998
TOYOTA,Supra,1993
CADILLAC,Eldorado,1988
CHEVROLET,Cavalier,1998
CHEVROLET,Corvette,1993
MERCEDES-BENZ,SL-Class,1999
HONDA,Crosstour,2015
ACURA,RLX,2015
TOYOTA,Celica,2003
BUICK,Cascada,2018
MERCEDES-BENZ,190,1987
MASERATI,Quattroporte,2008
BMW,Z3,1996
LAND-ROVER,Discovery,2003
FORD,Mustang,1982
JEEP,CJ-7,1985
ALFA-ROMEO,Spider,1986
MITSUBISHI,3000GT,1996
HYUNDAI,Palisade,2021
MINI,Cooper,2003
CHEVROLET,Camaro,1988
TOYOTA,RAV4,2001
LAND-ROVER,LR3,2008
BMW,M3Ci,2003
PONTIAC,Bonneville,2004
ACURA,CL,1998
MASERATI,Granturismo,2012
ALFA-ROMEO,Stelvio,2020
VOLVO,V60CC,2020
CADILLAC,XT6,2021
TOYOTA,Venza,2016
KIA,Rio,2011
SAAB,9-7X,2008
CADILLAC,SRX,2006
FORD,Escape,2021
LINCOLN,Navigator,2011
BUICK,Enclave,2021
GMC,Yukon,1996
NISSAN,Armada,2007
CHEVROLET,Lumina,1999
HYUNDAI,Equus,2014
BMW,750Lxi,2011
BMW,Z4,2013
MERCURY,Montego,2005
BUICK,LeSabre,1993
OLDSMOBILE,Alero,2003
VOLKSWAGEN,Eos,2014
BUICK,LaCrosse,2009
MERCEDES-BENZ,Sprinter,2014
CHEVROLET,Blazer,1992
CHEVROLET,Camaro,1986
INFINITI,QX50,2014
CHRYSLER,Aspen,2007
ACURA,RL,2004
CHEVROLET,GMT-400,1997
AUDI,TTS,2009
CADILLAC,CTS,2015
BUICK,Terraza,2007
JEEP,Cherokee,1992
VOLVO,C70,2007
PONTIAC,G3,2009
VOLKSWAGEN,Cabrio,2001
VOLKSWAGEN,Passat,1999
VOLVO,C70,2001
CHEVROLET,Suburban,1994
GMC,Sierra,1992
BUICK,Roadmaster,1992
MAZDA,Tribute,2006
CHRYSLER,Pacifica,2008
HONDA,Element,2009
FORD,Ranger,2021
FORD,Edge,2021
FORD,Ecosport,2021
CHRYSLER,Voyager,2002
VOLVO,S40,2003
BMW,325Ci,2002
PONTIAC,Bonneville,2003
VOLKSWAGEN,Passat,2019
VOLVO,V70,2003
AUDI,A8,2005
HONDA,CR-V,2000
NISSAN,Maxima,2004
JAGUAR,XF,2014
DODGE,Challenger,2008
DODGE,Dakota,1993
GMC,Canyon,2007
INFINITI,M45,2008
MERCEDES-BENZ,S-Class,2000
DODGE,Ramcharger,1985
BMW,X3,2004
BMW,M5,2014
INFINITI,FX50,2009
LAND-ROVER,LR3,2007
BMW,528i,2009
OLDSMOBILE,Silhouette,2001
FORD,F-250,1982
MERCURY,Cougar,1999
FORD,E-350,2003
SAAB,9-7X,2007
OLDSMOBILE,Silhouette,2004
RAM,3500,2021
AUDI,A5,2016
CHEVROLET,Corvette,1984
FORD,F-250,1993
MAZDA,Protege,2003
JEEP,Wrangler,1993
SUZUKI,Vitara,2003
KIA,Telluride,2021
MERCURY,Villager,1998
LINCOLN,Aviator,2021
CADILLAC,CT6,2016
HUMMER,H2,2009
VOLVO,XC70,2012
PORSCHE,924,1981
MASERATI,Quattroporte,2006
AUDI,Q7,2008
MAZDA,MX-5,2001
SUBARU,Forester,1998
ISUZU,Pickup,1993
CADILLAC,Deville,1989
NISSAN,Quest,1993
MITSUBISHI,Lancer,2008
SMART,Fortwo,2012
BMW,Z3,1997
JAGUAR,XJS,1989
PONTIAC,Montana,2000
JAGUAR,XJ6,1985
JAGUAR,XJR,1999
OLDSMOBILE,Alero,2004
SAAB,900,1990
LINCOLN,Navigator,2009
VOLKSWAGEN,Golf,2004
MERCEDES-BENZ,S-Class,2002
FORD,Bronco,1990
MERCEDES-BENZ,CLK-Class,2000
PONTIAC,Firebird,2002
BENTLEY,Continental,2005
ISUZU,Trooper,1998
KIA,Amanti,2008
LEXUS,LX,1997
CHRYSLER,Conquest,1987
DODGE,Dakota,1999
BUICK,Lucerne,2009
SATURN,SL2,1998
LEXUS,ES,1995
KIA,Sedona,2009
ISUZU,Trooper,1985
NISSAN,Pathfinder,2004
HONDA,S2000,2006
BUICK,Century,2001
LEXUS,SC,1997
ACURA,TL,2000
LAND-ROVER,Discovery,2004
MERCEDES-BENZ,SLK-Class,2011
CHEVROLET,Blazer,1988
GMC,Yukon,1994
DODGE,Durango,2008
CHEVROLET,Blazer,1990
ISUZU,Trooper,1990
FORD,Bronco,1986
FORD,F-350,1990
VOLKSWAGEN,Vanagon,1984
MERCEDES-BENZ,M-Class,2005
NISSAN,200SX,1995
TOYOTA,Corolla,1995
MITSUBISHI,Raider,2007
GMC,Jimmy,1990
BMW,850i,1992
CHEVROLET,Camaro,1984
CHEVROLET,Blazer,1985
FORD,Ranger,1995
BENTLEY,Arnage,2003
MAZDA,RX-8,2007
VOLVO,S90,1998
BMW,325iS,1988
KIA,Sedona,2004
VOLVO,S40,2011
INFINITI,Q70L,2017
FORD,Windstar,1995
BMW,M3Ci,2002
BMW,330i,2002
MERCEDES-BENZ,420,1986
MAZDA,B-Series,2000
GMC,Terrain,2021
BMW,635CSi,1986
INFINITI,Q45,1997
FORD,Aspire,1995
PONTIAC,Firebird,1995
NISSAN,Xterra,2013
TOYOTA,4-Runner,1991
LINCOLN,Aviator,2003
BMW,128i,2009
PONTIAC,Parisienne,1984
JAGUAR,XF,2010
TOYOTA,Tacoma,1995
BMW,330i,2004
BENTLEY,Continental,2012
NISSAN,Quest,2009
AUDI,R8,2015
BMW,740Li,2014
MAZDA,Tribute,2009
BMW,745i,2002
BMW,740iL,1999
INFINITI,FX35,2003
MERCEDES-BENZ,GLE-Class,2019
LOTUS,Elise,2005
MASERATI,Ghibli,2020
AUDI,S6,2017
MASERATI,Levante,2018
SUBARU,Legacy,2006
PONTIAC,Firebird,1988
HUMMER,H3T,2009
BMW,X6,2008
BMW,M3,1998
BMW,525i,2001
FORD,Escort,1999
KIA,Sportage,2005
KIA,Amanti,2007
BMW,745i,2004
MAZDA,MPV,2000
CADILLAC,Eldorado,1998
MERCEDES-BENZ,Sprinter,2010
MERCEDES-BENZ,Sprinter,2013
JAGUAR,XF,2019
HYUNDAI,Nexo,2019
GMC,Savana,2011
MITSUBISHI,Outlander,2006
MITSUBISHI,Diamante,2003
SAAB,9-3,2004
JAGUAR,XK,2009
CADILLAC,CT6,2020
LINCOLN,LS,2000
AUDI,A6,2003
BMW,325Ci,2000
JAGUAR,XJ6,1987
TOYOTA,Sienna,2021
BMW,740Li,2015
PONTIAC,Solstice,2008
MITSUBISHI,Lancer,2012
VOLKSWAGEN,Jetta,2004
LINCOLN,MKT,2017
INFINITI,I30,2001
BMW,650i,2007
VOLKSWAGEN,Golf,2002
NISSAN,Altima,1999
JAGUAR,S-Type,2000
JAGUAR,XK,2014
VOLVO,C70,2006
BMW,745e,2020
BMW,750i,2020
MITSUBISHI,Eclipse,1997
BMW,M760i,2018
TOYOTA,Echo,2000
MITSUBISHI,Lancer,2009
CADILLAC,Eldorado,1981
INFINITI,QX80,2020
MITSUBISHI,Montero,2003
HYUNDAI,Nexo,2020
KIA,Spectra,2004
SUBARU,Forester,2001
SMART,Fortwo,2016
NISSAN,Maxima,2001
NISSAN,Sentra,2021
NISSAN,Kicks,2021
PONTIAC,G6,2005
SMART,Fortwo,2011
MERCEDES-BENZ,C-Class,1999
HONDA,CR-Z,2015
NISSAN,Sentra,1994
TOYOTA,Supra,1990
VOLKSWAGEN,Jetta,1995
GMC,Savana,2018
DODGE,Stratus,2000
AUDI,TT,2005
LAND-ROVER,LR4,2014
PONTIAC,Fiero,1986
SAAB,9-3,2009
HONDA,Element,2011
LAND-ROVER,Discovery,2018
BMW,i8,2019
BMW,M5,2019
MERCURY,Capri,1992
CADILLAC,Deville,1986
BMW,650i,2019
MAZDA,CX-5,2021
HONDA,Civic,1992
NISSAN,NX,1992
PONTIAC,Bonneville,1990
LINCOLN,Continental,1988
CADILLAC,Deville,1990
BMW,325ix,1991
SUZUKI,Kizashi,2010
VOLVO,XC70,2006
MERCEDES-BENZ,300,1983
TOYOTA,Corolla,1987
PONTIAC,Montana,2002
VOLVO,S80,2012
INFINITI,I30,1998
MAZDA,MPV,2004
MERCEDES-BENZ,300,1982
CHEVROLET,Venture,1998
PORSCHE,Boxster,2013
BUICK,Regal,1986
VOLVO,V40,2003
BMW,335,2014
BMW,330xi,2003
AUDI,A3,2010
LEXUS,LX,1996
MERCEDES-BENZ,GLA-Class,2019
HUMMER,H1,2002
BMW,M3,2002
ACURA,MDX,2001
NISSAN,GT-R,2015
PORSCHE,911,2014
LEXUS,GS,2004
BMW,X4,2019
DODGE,Stratus,2002
PORSCHE,911,2016
TOYOTA,Supra,1997
BMW,M2,2018
HYUNDAI,Azera,2016
MERCEDES-BENZ,600,1992
PONTIAC,Bonneville,2002
BMW,X5,2001
LEXUS,LX,2021
VOLKSWAGEN,GTI,2002
VOLVO,S70,1999
JAGUAR,XJ,2003
SUZUKI,Kizashi,2012
SAAB,9-5,2007
LEXUS,NX,2021
AUDI,S4,2004
DODGE,Stratus,2004
VOLVO,V50,2011
SATURN,Astra,2009
GMC,Sonoma,1994
PONTIAC,G5,2007
JAGUAR,XJ,2017
PORSCHE,944,1990
KIA,Sedona,2014
CHEVROLET,Venture,2004
BUICK,Regal,1996
TOYOTA,Yaris,2020
CADILLAC,Escalade,2021
PORSCHE,Boxster,2000
JEEP,Wrangler,1990
GMC,Safari,2000
MAZDA,MX-5,1997
KIA,Spectra,2006
CADILLAC,Brougham,1990
MITSUBISHI,3000GT,1997
INFINITI,QX4,2001
GMC,Envoy,2009
FORD,Escort,1995
CADILLAC,Escalade,1999
CHEVROLET,Optra,2004
CHRYSLER,Concorde,2002
MERCEDES-BENZ,R-Class,2012
AUDI,Q7,2020
CHEVROLET,Blazer,2005
MERCEDES-BENZ,G-Class,2013
MERCEDES-BENZ,S-Class,1995
MITSUBISHI,Outlander,2008
GMC,Savana,2001
LAND-ROVER,Discovery,2002
BMW,540i,2001
FORD,F-250,1981
CADILLAC,Eldorado,1983
PONTIAC,G5,2009
SATURN,L300,2003
BMW,328iC,1997
SATURN,LW2,2002
CADILLAC,Deville,1993
HONDA,CR-V,1998
CHEVROLET,Blazer,1997
CADILLAC,Seville,1984
SAAB,9-5,2003
PONTIAC,Sunfire,2000
VOLKSWAGEN,Golf,2013
MITSUBISHI,Galant,2010
TOYOTA,86,2020
PORSCHE,911,1999
ISUZU,Rodeo,2003
NISSAN,Altima,2021
GMC,Savana,2012
BMW,525i,2005
PETERBILT,385,2005
MERCEDES-BENZ,CL-Class,2000
CHRYSLER,300,2020
CHEVROLET,Tracker,1998
MERCEDES-BENZ,E-Class,1995
PORSCHE,911,1998
SUBARU,Forester,1999
LEXUS,LX,2007
BENTLEY,Bentayga,2018
FORD,E-150,1998
MITSUBISHI,Outlander,2011
MINI,Cooper,2004
VOLVO,V90,2019
TOYOTA,RAV4,1997
BMW,M4,2017
HYUNDAI,Sonata,2001
AUDI,S8,2007
JEEP,Comanche,1989
PLYMOUTH,Voyager,1999
SATURN,Relay,2006
ISUZU,Rodeo,2001
MERCEDES-BENZ,300,1992
PORSCHE,Cayman,2015
VOLKSWAGEN,Vanagon,1985
LAND-ROVER,LR3,2009
FORD,Thunderbird,1987
BUICK,Cascada,2019
MERCEDES-BENZ,300,1985
VOLVO,S60,2005
MAZDA,B-Series,2004
HYUNDAI,Accent,2001
NISSAN,Pickup,1996
VOLVO,S90,2020
HONDA,Prelude,1994
TOYOTA,T100,1993
INFINITI,EX35,2013
MAZDA,B-Series,1999
VOLVO,XC90,2021
AVANTI,Avanti,1983
LAND-ROVER,Discovery,1996
MAZDA,626,2001
AUDI,A8,2010
VOLVO,V60,2017
VOLKSWAGEN,Golf,2005
PORSCHE,911,2017
SATURN,SC2,2000
MERCURY,Cougar,2001
DODGE,Stratus,2003
MAZDA,CX-9,2021
PORSCHE,Cayman,2014
MERCEDES-BENZ,SLK-Class,2010
FORD,F-450,2021
MASERATI,Levante,2020
CADILLAC,Seville,1995
SATURN,SW2,1998
LEXUS,SC,1994
MERCEDES-BENZ,SL-Class,2008
JAGUAR,XJ,2008
BMW,760Li,2007
BMW,M240i,2018
LEXUS,LX,2020
PONTIAC,Montana,2004
AUDI,R8,2010
NISSAN,Pickup,1984
CHEVROLET,Suburban,2021
NISSAN,Pathfinder,2009
NISSAN,Frontier,2000
CHEVROLET,Blazer,1994
DODGE,D-Series,1984
CHEVROLET,Suburban,1995
ACURA,RLX,2020
VOLVO,V70,2002
MERCURY,Mariner,2011
VOLVO,XC70,2014
DODGE,D-Series,1992
CHEVROLET,Suburban,1987
MITSUBISHI,Galant,2004
CHRYSLER,Sebring,2001
AUDI,A6,2007
JAGUAR,XJS,1985
PLYMOUTH,Neon,2001
JAGUAR,XJ8,2002
CHRYSLER,Sebring,1996
BMW,325i,1993
BMW,323i,2000
CADILLAC,Seville,1997
HONDA,Prelude,1996
PORSCHE,Cayman,2010
PORSCHE,Boxster,2010
MINI,Paceman,2016
OLDSMOBILE,Silhouette,2002
SAAB,900,1995
TOYOTA,Previa,1991
CHEVROLET,Tracker,2001
LAND-ROVER,Freelander,2004
GMC,Yukon,1995
PONTIAC,Bonneville,1994
CHEVROLET,Camaro,1983
AUDI,A6,2002
INFINITI,M35h,2012
NISSAN,Pathfinder,1999
BMW,750Li,2006
NISSAN,Sentra,2001
CHEVROLET,Cavalier,2002
MERCURY,Mountaineer,2001
LINCOLN,Mark,1982
SAAB,9-7X,2005
PORSCHE,911,2008
PETERBILT,389,2016
MAZDA,B-Series,2002
BUICK,Reatta,1991
MERCEDES-BENZ,CL-Class,2004
GMC,Suburban,1997
AUDI,S4,2010
SUZUKI,Forenza,2007
MITSUBISHI,Eclipse,2000
BMW,645Ci,2005
SAAB,9-3,2001
FORD,Escort,1998
NISSAN,Quest,2006
SUZUKI,XL7,2005
CADILLAC,Seville,1982
KIA,Sedona,2003
FORD,Ranger,1987
DODGE,Ramcharger,1990
HONDA,Civic,1999
PORSCHE,968,1994
BUICK,Regal,1985
AUDI,A8,2017
CHEVROLET,SSR,2005
CHRYSLER,Imperial,1983
NISSAN,Altima,1994
BMW,M5,2002
BMW,323iC,1999
PETERBILT,579,2017
CHRYSLER,LeBaron,1989
LAND-ROVER,Defender,1995
SATURN,SL2,1999
JEEP,CJ-5,1982
CHEVROLET,Blazer,2001
HONDA,S2000,2002
NISSAN,Frontier,1998
MAZDA,Millenia,1996
AUDI,TT,2014
ISUZU,Rodeo,2000
KIA,Optima,2004
CHEVROLET,Camaro,1989
BUICK,Regal,1999
MERCURY,Mountaineer,2003
NISSAN,GT-R,2009
FORD,E-350,1999
MERCEDES-BENZ,GLE-Class,2021
MERCEDES-BENZ,CLS-Class,2020
ASTON-MARTIN,DB11,2017
ACURA,RL,2007
PETERBILT,387,2005
VOLVO,S40,2001
CADILLAC,Allante,1992
CADILLAC,Fleetwood,1994
PONTIAC,Aztek,2002
VOLKSWAGEN,CC,2017
PORSCHE,944,1984
PORSCHE,924,1987
CHEVROLET,Tracker,1999
JAGUAR,S-Type,2008
GMC,Safari,2004
LEXUS,LS,2001
NISSAN,300ZX,1991
NISSAN,Altima,1998
GMC,Sierra,1990
CADILLAC,Eldorado,2002
LINCOLN,Navigator,1998
TOYOTA,Pick-Up,1988
VOLKSWAGEN,Jetta,1999
MERCEDES-BENZ,CL-Class,2003
LEXUS,IS,2021
INFINITI,QX4,1997
MERCEDES-BENZ,Sprinter,2018
MAZDA,MX-5,1992
GMC,Suburban,1998
VOLVO,V50,2007
AUDI,S8,2014
BMW,325iC,1987
TOYOTA,C-HR,2021
JAGUAR,XJ,2016
DODGE,Shadow,1989
JEEP,Wrangler,1992
OLDSMOBILE,Bravada,2003
DODGE,Neon,2003
MERCURY,Monterey,2006
LEXUS,LS,2019
FORD,F-150,1989
LINCOLN,Continental,2002
ISUZU,Trooper,2000
GMC,Canyon,2021
SAAB,9-5,2008
CADILLAC,Eldorado,1992
SUBARU,Baja,2005
FORD,E-350,1987
PORSCHE,Boxster,2003
BMW,318i,1985
CHEVROLET,Corvette,1981
SUZUKI,Equator,2011
CHEVROLET,GMT-400,1990
CADILLAC,Allante,1987
SAAB,900,1989
TOYOTA,Pick-Up,1991
HONDA,Prelude,2000
AUDI,S6,2002
LAND-ROVER,Discovery,2001
BMW,335is,2012
BMW,335d,2010
MERCEDES-BENZ,SL-Class,1996
FORD,Mustang,1993
SAAB,9-2X,2005
MAZDA,MX-5,1994
TOYOTA,Celica,2002
HONDA,S2000,2005
BMW,750xi,2010
BMW,525i,2002
OLDSMOBILE,Bravada,2004
HYUNDAI,Tiburon,2003
BMW,525xi,2007
SUZUKI,XL7,2003
LEXUS,RX,2021
HONDA,Clarity,2020
CHEVROLET,G-Series,1984
BMW,M5,2016
FORD,F-250,1989
CADILLAC,Eldorado,1995
LINCOLN,Navigator,2020
TOYOTA,Sequoia,2020
OLDSMOBILE,LSS,1996
MITSUBISHI,Mirage,2021
CADILLAC,Eldorado,1990
TOYOTA,T100,1996
MASERATI,Spyder,2003
PORSCHE,Boxster,2006
GMC,Savana,1998
FORD,Aspire,1997
DODGE,D-Series,1990
PETERBILT,567,2017
BMW,M6,2009
DODGE,Dakota,1987
MAZDA,Protege,1995
INFINITI,QX4,1999
TOYOTA,RAV4,1996
TOYOTA,Corolla,1997
ACURA,RL,2006
SATURN,SL,2002
PORSCHE,911,1987
BUICK,Regal,2001
JAGUAR,X-Type,2002
FORD,Windstar,2003
BMW,750i,2006
NISSAN,Sentra,2003
KIA,Sportage,2001
VOLVO,S40,2004
CHEVROLET,Metro,1999
TOYOTA,Corolla,1993
PETERBILT,379,2002
LEXUS,CT,2016
INFINITI,I30,2000
JEEP,Comanche,1986
FORD,Thunderbird,1984
BUICK,Regal,2000
ACURA,RL,2000
BUICK,Riviera,1984
JEEP,CJ-7,1984
LEXUS,LX,1999
FORD,F-150,1986
CHEVROLET,Corvette,1989
ACURA,NSX,2004
FORD,Ranger,1993
VOLVO,C70,2004
BMW,540iA,2003
ALFA-ROMEO,Spider,1987
BMW,318iC,1994
ACURA,NSX,1991
INFINITI,I30,1997
MITSUBISHI,3000GT,1998
VOLKSWAGEN,Touareg,2017
MERCURY,Capri,1993
DODGE,Intrepid,1998
BMW,740i,2013
AUDI,A6,2004
CADILLAC,Fleetwood,1993
PETERBILT,389,2015
CADILLAC,Seville,1991
VOLVO,V70,2007
CHEVROLET,Camaro,1991
HYUNDAI,Azera,2010
